Workbook

Sheet Hoja2
A1: CodPer | B1: CodGra | C1: CodSec | D1: CedAlu | E1: FchInsc | F1: FchNac | G1: SexAlu | H1: LugNac | I1: EntFed | J1: CedRpr | K1: Cédula Limpia | L1: Fecha Limpia | M1: Sexo Limpio | N1: Lugar Nacimiento Limpio | O1: Entidad Federal Limpia
A2: 2025-2026 | B2: 1F | C2: A | D2: 000034914190 | E2: 45922 | F2: =IFERROR(VLOOKUP(TRIM($D2), Hoja4_2!$A$2:$L$10000, 4, 0), "Revisar") -> 41539 | G2: =IFERROR(VLOOKUP(TRIM($D2), Hoja4_2!$A$2:$L$10000, 5, 0), "Revisar") -> FEMENINO | H2: =IFERROR(VLOOKUP(TRIM($D2), Hoja4_2!$A$2:$L$10000, 7, 0), "Revisar") -> MARACAIBO | I2: =IFERROR(VLOOKUP(TRIM($D2), Hoja4_2!$A$2:$L$10000, 9, 0), "Revisar") -> ZU | J2: =IFERROR(VLOOKUP(TRIM($D2), Hoja4_2!$A$2:$L$10000, 12, 0), "Revisar") -> 16080038 | K2: =TEXT(TRIM(D2),"0") -> 34914190 | L2: =IF(F2="Revisar","NULL",CONCATENATE("'",TEXT(F2,"yyyy-mm-dd"),"'")) -> '2013-09-22' | M2: =IF(G2="Revisar","NULL",CONCATENATE("'",MID(G2,1,1),"'")) -> 'F' | N2: =IF(H2="Revisar","NULL",CONCATENATE("'",H2,"'")) -> 'MARACAIBO' | O2: =IF(I2="Revisar","NULL",CONCATENATE("'",I2,"'")) -> 'ZU' | P2: ="UPDATE estudiantes SET fecha_nacimiento="&L2&", sexo="&M2&", lugar_nacimiento="&N2&", entidad_federal="&O2&" WHERE cedula='"&K2&"';" -> UPDATE estudiantes SET fecha_nacimiento='2013-09-22', sexo='F', lugar_nacimiento='MARACAIBO', entidad_federal='ZU' WHERE cedula='34914190';
A3: 2025-2026 | B3: 1F | C3: A | D3: 000035178783 | E3: 45922 | F3: =IFERROR(VLOOKUP(TRIM($D3), Hoja4_2!$A$2:$L$10000, 4, 0), "Revisar") -> 41413 | G3: =IFERROR(VLOOKUP(TRIM($D3), Hoja4_2!$A$2:$L$10000, 5, 0), "Revisar") -> FEMENINO | H3: =IFERROR(VLOOKUP(TRIM($D3), Hoja4_2!$A$2:$L$10000, 7, 0), "Revisar") -> MARACAIBO | I3: =IFERROR(VLOOKUP(TRIM($D3), Hoja4_2!$A$2:$L$10000, 9, 0), "Revisar") -> ZU | J3: =IFERROR(VLOOKUP(TRIM($D3), Hoja4_2!$A$2:$L$10000, 12, 0), "Revisar") -> 21039596 | K3: =TEXT(TRIM(D3),"0") -> 35178783 | L3: =IF(F3="Revisar","NULL",CONCATENATE("'",TEXT(F3,"yyyy-mm-dd"),"'")) -> '2013-05-19' | M3: =IF(G3="Revisar","NULL",CONCATENATE("'",MID(G3,1,1),"'")) -> 'F' | N3: =IF(H3="Revisar","NULL",CONCATENATE("'",H3,"'")) -> 'MARACAIBO' | O3: =IF(I3="Revisar","NULL",CONCATENATE("'",I3,"'")) -> 'ZU' | P3: ="UPDATE estudiantes SET fecha_nacimiento="&L3&", sexo="&M3&", lugar_nacimiento="&N3&", entidad_federal="&O3&" WHERE cedula='"&K3&"';" -> UPDATE estudiantes SET fecha_nacimiento='2013-05-19', sexo='F', lugar_nacimiento='MARACAIBO', entidad_federal='ZU' WHERE cedula='35178783';
A4: 2025-2026 | B4: 1F | C4: A | D4: 000035178802 | E4: 45922 | F4: =IFERROR(VLOOKUP(TRIM($D4), Hoja4_2!$A$2:$L$10000, 4, 0), "Revisar") -> 41492 | G4: =IFERROR(VLOOKUP(TRIM($D4), Hoja4_2!$A$2:$L$10000, 5, 0), "Revisar") -> MASCULINO | H4: =IFERROR(VLOOKUP(TRIM($D4), Hoja4_2!$A$2:$L$10000, 7, 0), "Revisar") -> MARACAIBO | I4: =IFERROR(VLOOKUP(TRIM($D4), Hoja4_2!$A$2:$L$10000, 9, 0), "Revisar") -> ZU | J4: =IFERROR(VLOOKUP(TRIM($D4), Hoja4_2!$A$2:$L$10000, 12, 0), "Revisar") -> 13005173 | K4: =TEXT(TRIM(D4),"0") -> 35178802 | L4: =IF(F4="Revisar","NULL",CONCATENATE("'",TEXT(F4,"yyyy-mm-dd"),"'")) -> '2013-08-06' | M4: =IF(G4="Revisar","NULL",CONCATENATE("'",MID(G4,1,1),"'")) -> 'M' | N4: =IF(H4="Revisar","NULL",CONCATENATE("'",H4,"'")) -> 'MARACAIBO' | O4: =IF(I4="Revisar","NULL",CONCATENATE("'",I4,"'")) -> 'ZU' | P4: ="UPDATE estudiantes SET fecha_nacimiento="&L4&", sexo="&M4&", lugar_nacimiento="&N4&", entidad_federal="&O4&" WHERE cedula='"&K4&"';" -> UPDATE estudiantes SET fecha_nacimiento='2013-08-06', sexo='M', lugar_nacimiento='MARACAIBO', entidad_federal='ZU' WHERE cedula='35178802';
A5: 2025-2026 | B5: 1F | C5: A | D5: 000035182532 | E5: 45922 | F5: =IFERROR(VLOOKUP(TRIM($D5), Hoja4_2!$A$2:$L$10000, 4, 0), "Revisar") -> 41491 | G5: =IFERROR(VLOOKUP(TRIM($D5), Hoja4_2!$A$2:$L$10000, 5, 0), "Revisar") -> FEMENINO | H5: =IFERROR(VLOOKUP(TRIM($D5), Hoja4_2!$A$2:$L$10000, 7, 0), "Revisar") -> MARACAIBO | I5: =IFERROR(VLOOKUP(TRIM($D5), Hoja4_2!$A$2:$L$10000, 9, 0), "Revisar") -> ZU | J5: =IFERROR(VLOOKUP(TRIM($D5), Hoja4_2!$A$2:$L$10000, 12, 0), "Revisar") -> 16016439 | K5: =TEXT(TRIM(D5),"0") -> 35182532 | L5: =IF(F5="Revisar","NULL",CONCATENATE("'",TEXT(F5,"yyyy-mm-dd"),"'")) -> '2013-08-05' | M5: =IF(G5="Revisar","NULL",CONCATENATE("'",MID(G5,1,1),"'")) -> 'F' | N5: =IF(H5="Revisar","NULL",CONCATENATE("'",H5,"'")) -> 'MARACAIBO' | O5: =IF(I5="Revisar","NULL",CONCATENATE("'",I5,"'")) -> 'ZU' | P5: ="UPDATE estudiantes SET fecha_nacimiento="&L5&", sexo="&M5&", lugar_nacimiento="&N5&", entidad_federal="&O5&" WHERE cedula='"&K5&"';" -> UPDATE estudiantes SET fecha_nacimiento='2013-08-05', sexo='F', lugar_nacimiento='MARACAIBO', entidad_federal='ZU' WHERE cedula='35182532';
A6: 2025-2026 | B6: 1F | C6: A | D6: 000036217814 | E6: 45922 | F6: =IFERROR(VLOOKUP(TRIM($D6), Hoja4_2!$A$2:$L$10000, 4, 0), "Revisar") -> 41529 | G6: =IFERROR(VLOOKUP(TRIM($D6), Hoja4_2!$A$2:$L$10000, 5, 0), "Revisar") -> FEMENINO | H6: =IFERROR(VLOOKUP(TRIM($D6), Hoja4_2!$A$2:$L$10000, 7, 0), "Revisar") -> MARACAIBO | I6: =IFERROR(VLOOKUP(TRIM($D6), Hoja4_2!$A$2:$L$10000, 9, 0), "Revisar") -> ZU | J6: =IFERROR(VLOOKUP(TRIM($D6), Hoja4_2!$A$2:$L$10000, 12, 0), "Revisar") -> 20842771 | K6: =TEXT(TRIM(D6),"0") -> 36217814 | L6: =IF(F6="Revisar","NULL",CONCATENATE("'",TEXT(F6,"yyyy-mm-dd"),"'")) -> '2013-09-12' | M6: =IF(G6="Revisar","NULL",CONCATENATE("'",MID(G6,1,1),"'")) -> 'F' | N6: =IF(H6="Revisar","NULL",CONCATENATE("'",H6,"'")) -> 'MARACAIBO' | O6: =IF(I6="Revisar","NULL",CONCATENATE("'",I6,"'")) -> 'ZU' | P6: ="UPDATE estudiantes SET fecha_nacimiento="&L6&", sexo="&M6&", lugar_nacimiento="&N6&", entidad_federal="&O6&" WHERE cedula='"&K6&"';" -> UPDATE estudiantes SET fecha_nacimiento='2013-09-12', sexo='F', lugar_nacimiento='MARACAIBO', entidad_federal='ZU' WHERE cedula='36217814';
A7: 2025-2026 | B7: 1F | C7: A | D7: 000036233626 | E7: 45922 | F7: =IFERROR(VLOOKUP(TRIM($D7), Hoja4_2!$A$2:$L$10000, 4, 0), "Revisar") -> 41524 | G7: =IFERROR(VLOOKUP(TRIM($D7), Hoja4_2!$A$2:$L$10000, 5, 0), "Revisar") -> FEMENINO | H7: =IFERROR(VLOOKUP(TRIM($D7), Hoja4_2!$A$2:$L$10000, 7, 0), "Revisar") -> MARACAIBO | I7: =IFERROR(VLOOKUP(TRIM($D7), Hoja4_2!$A$2:$L$10000, 9, 0), "Revisar") -> ZU | J7: =IFERROR(VLOOKUP(TRIM($D7), Hoja4_2!$A$2:$L$10000, 12, 0), "Revisar") -> 15260609 | K7: =TEXT(TRIM(D7),"0") -> 36233626 | L7: =IF(F7="Revisar","NULL",CONCATENATE("'",TEXT(F7,"yyyy-mm-dd"),"'")) -> '2013-09-07' | M7: =IF(G7="Revisar","NULL",CONCATENATE("'",MID(G7,1,1),"'")) -> 'F' | N7: =IF(H7="Revisar","NULL",CONCATENATE("'",H7,"'")) -> 'MARACAIBO' | O7: =IF(I7="Revisar","NULL",CONCATENATE("'",I7,"'")) -> 'ZU' | P7: ="UPDATE estudiantes SET fecha_nacimiento="&L7&", sexo="&M7&", lugar_nacimiento="&N7&", entidad_federal="&O7&" WHERE cedula='"&K7&"';" -> UPDATE estudiantes SET fecha_nacimiento='2013-09-07', sexo='F', lugar_nacimiento='MARACAIBO', entidad_federal='ZU' WHERE cedula='36233626';
A8: 2025-2026 | B8: 1F | C8: A | D8: 000036380491 | E8: 45922 | F8: =IFERROR(VLOOKUP(TRIM($D8), Hoja4_2!$A$2:$L$10000, 4, 0), "Revisar") -> 41349 | G8: =IFERROR(VLOOKUP(TRIM($D8), Hoja4_2!$A$2:$L$10000, 5, 0), "Revisar") -> FEMENINO | H8: =IFERROR(VLOOKUP(TRIM($D8), Hoja4_2!$A$2:$L$10000, 7, 0), "Revisar") -> MARACAIBO | I8: =IFERROR(VLOOKUP(TRIM($D8), Hoja4_2!$A$2:$L$10000, 9, 0), "Revisar") -> ZU | J8: =IFERROR(VLOOKUP(TRIM($D8), Hoja4_2!$A$2:$L$10000, 12, 0), "Revisar") -> 17634587 | K8: =TEXT(TRIM(D8),"0") -> 36380491 | L8: =IF(F8="Revisar","NULL",CONCATENATE("'",TEXT(F8,"yyyy-mm-dd"),"'")) -> '2013-03-16' | M8: =IF(G8="Revisar","NULL",CONCATENATE("'",MID(G8,1,1),"'")) -> 'F' | N8: =IF(H8="Revisar","NULL",CONCATENATE("'",H8,"'")) -> 'MARACAIBO' | O8: =IF(I8="Revisar","NULL",CONCATENATE("'",I8,"'")) -> 'ZU' | P8: ="UPDATE estudiantes SET fecha_nacimiento="&L8&", sexo="&M8&", lugar_nacimiento="&N8&", entidad_federal="&O8&" WHERE cedula='"&K8&"';" -> UPDATE estudiantes SET fecha_nacimiento='2013-03-16', sexo='F', lugar_nacimiento='MARACAIBO', entidad_federal='ZU' WHERE cedula='36380491';
A9: 2025-2026 | B9: 1F | C9: A | D9: 000036426374 | E9: 45922 | F9: =IFERROR(VLOOKUP(TRIM($D9), Hoja4_2!$A$2:$L$10000, 4, 0), "Revisar") -> 41332 | G9: =IFERROR(VLOOKUP(TRIM($D9), Hoja4_2!$A$2:$L$10000, 5, 0), "Revisar") -> FEMENINO | H9: =IFERROR(VLOOKUP(TRIM($D9), Hoja4_2!$A$2:$L$10000, 7, 0), "Revisar") -> MARACAIBO | I9: =IFERROR(VLOOKUP(TRIM($D9), Hoja4_2!$A$2:$L$10000, 9, 0), "Revisar") -> ZU | J9: =IFERROR(VLOOKUP(TRIM($D9), Hoja4_2!$A$2:$L$10000, 12, 0), "Revisar") -> 29790969 | K9: =TEXT(TRIM(D9),"0") -> 36426374 | L9: =IF(F9="Revisar","NULL",CONCATENATE("'",TEXT(F9,"yyyy-mm-dd"),"'")) -> '2013-02-27' | M9: =IF(G9="Revisar","NULL",CONCATENATE("'",MID(G9,1,1),"'")) -> 'F' | N9: =IF(H9="Revisar","NULL",CONCATENATE("'",H9,"'")) -> 'MARACAIBO' | O9: =IF(I9="Revisar","NULL",CONCATENATE("'",I9,"'")) -> 'ZU' | P9: ="UPDATE estudiantes SET fecha_nacimiento="&L9&", sexo="&M9&", lugar_nacimiento="&N9&", entidad_federal="&O9&" WHERE cedula='"&K9&"';" -> UPDATE estudiantes SET fecha_nacimiento='2013-02-27', sexo='F', lugar_nacimiento='MARACAIBO', entidad_federal='ZU' WHERE cedula='36426374';
A10: 2025-2026 | B10: 1F | C10: A | D10: 000036445996 | E10: 45922 | F10: =IFERROR(VLOOKUP(TRIM($D10), Hoja4_2!$A$2:$L$10000, 4, 0), "Revisar") -> 41614 | G10: =IFERROR(VLOOKUP(TRIM($D10), Hoja4_2!$A$2:$L$10000, 5, 0), "Revisar") -> FEMENINO | H10: =IFERROR(VLOOKUP(TRIM($D10), Hoja4_2!$A$2:$L$10000, 7, 0), "Revisar") -> MARACAIBO | I10: =IFERROR(VLOOKUP(TRIM($D10), Hoja4_2!$A$2:$L$10000, 9, 0), "Revisar") -> ZU | J10: =IFERROR(VLOOKUP(TRIM($D10), Hoja4_2!$A$2:$L$10000, 12, 0), "Revisar") -> 16494712 | K10: =TEXT(TRIM(D10),"0") -> 36445996 | L10: =IF(F10="Revisar","NULL",CONCATENATE("'",TEXT(F10,"yyyy-mm-dd"),"'")) -> '2013-12-06' | M10: =IF(G10="Revisar","NULL",CONCATENATE("'",MID(G10,1,1),"'")) -> 'F' | N10: =IF(H10="Revisar","NULL",CONCATENATE("'",H10,"'")) -> 'MARACAIBO' | O10: =IF(I10="Revisar","NULL",CONCATENATE("'",I10,"'")) -> 'ZU' | P10: ="UPDATE estudiantes SET fecha_nacimiento="&L10&", sexo="&M10&", lugar_nacimiento="&N10&", entidad_federal="&O10&" WHERE cedula='"&K10&"';" -> UPDATE estudiantes SET fecha_nacimiento='2013-12-06', sexo='F', lugar_nacimiento='MARACAIBO', entidad_federal='ZU' WHERE cedula='36445996';
A11: 2025-2026 | B11: 1F | C11: A | D11: 000036523932 | E11: 45922 | F11: =IFERROR(VLOOKUP(TRIM($D11), Hoja4_2!$A$2:$L$10000, 4, 0), "Revisar") -> 41498 | G11: =IFERROR(VLOOKUP(TRIM($D11), Hoja4_2!$A$2:$L$10000, 5, 0), "Revisar") -> MASCULINO | H11: =IFERROR(VLOOKUP(TRIM($D11), Hoja4_2!$A$2:$L$10000, 7, 0), "Revisar") -> MARACAIBO | I11: =IFERROR(VLOOKUP(TRIM($D11), Hoja4_2!$A$2:$L$10000, 9, 0), "Revisar") -> ZU | J11: =IFERROR(VLOOKUP(TRIM($D11), Hoja4_2!$A$2:$L$10000, 12, 0), "Revisar") -> 10432371 | K11: =TEXT(TRIM(D11),"0") -> 36523932 | L11: =IF(F11="Revisar","NULL",CONCATENATE("'",TEXT(F11,"yyyy-mm-dd"),"'")) -> '2013-08-12' | M11: =IF(G11="Revisar","NULL",CONCATENATE("'",MID(G11,1,1),"'")) -> 'M' | N11: =IF(H11="Revisar","NULL",CONCATENATE("'",H11,"'")) -> 'MARACAIBO' | O11: =IF(I11="Revisar","NULL",CONCATENATE("'",I11,"'")) -> 'ZU' | P11: ="UPDATE estudiantes SET fecha_nacimiento="&L11&", sexo="&M11&", lugar_nacimiento="&N11&", entidad_federal="&O11&" WHERE cedula='"&K11&"';" -> UPDATE estudiantes SET fecha_nacimiento='2013-08-12', sexo='M', lugar_nacimiento='MARACAIBO', entidad_federal='ZU' WHERE cedula='36523932';
A12: 2025-2026 | B12: 1F | C12: A | D12: 000036582440 | E12: 45919 | F12: =IFERROR(VLOOKUP(TRIM($D12), Hoja4_2!$A$2:$L$10000, 4, 0), "Revisar") -> 41811 | G12: =IFERROR(VLOOKUP(TRIM($D12), Hoja4_2!$A$2:$L$10000, 5, 0), "Revisar") -> FEMENINO | H12: =IFERROR(VLOOKUP(TRIM($D12), Hoja4_2!$A$2:$L$10000, 7, 0), "Revisar") -> MARACAIBO | I12: =IFERROR(VLOOKUP(TRIM($D12), Hoja4_2!$A$2:$L$10000, 9, 0), "Revisar") -> ZU | J12: =IFERROR(VLOOKUP(TRIM($D12), Hoja4_2!$A$2:$L$10000, 12, 0), "Revisar") -> 17634574 | K12: =TEXT(TRIM(D12),"0") -> 36582440 | L12: =IF(F12="Revisar","NULL",CONCATENATE("'",TEXT(F12,"yyyy-mm-dd"),"'")) -> '2014-06-21' | M12: =IF(G12="Revisar","NULL",CONCATENATE("'",MID(G12,1,1),"'")) -> 'F' | N12: =IF(H12="Revisar","NULL",CONCATENATE("'",H12,"'")) -> 'MARACAIBO' | O12: =IF(I12="Revisar","NULL",CONCATENATE("'",I12,"'")) -> 'ZU' | P12: ="UPDATE estudiantes SET fecha_nacimiento="&L12&", sexo="&M12&", lugar_nacimiento="&N12&", entidad_federal="&O12&" WHERE cedula='"&K12&"';" -> UPDATE estudiantes SET fecha_nacimiento='2014-06-21', sexo='F', lugar_nacimiento='MARACAIBO', entidad_federal='ZU' WHERE cedula='36582440';
A13: 2025-2026 | B13: 1F | C13: A | D13: 000036698493 | E13: 45922 | F13: =IFERROR(VLOOKUP(TRIM($D13), Hoja4_2!$A$2:$L$10000, 4, 0), "Revisar") -> 41503 | G13: =IFERROR(VLOOKUP(TRIM($D13), Hoja4_2!$A$2:$L$10000, 5, 0), "Revisar") -> MASCULINO | H13: =IFERROR(VLOOKUP(TRIM($D13), Hoja4_2!$A$2:$L$10000, 7, 0), "Revisar") -> MARACAIBO | I13: =IFERROR(VLOOKUP(TRIM($D13), Hoja4_2!$A$2:$L$10000, 9, 0), "Revisar") -> ZU | J13: =IFERROR(VLOOKUP(TRIM($D13), Hoja4_2!$A$2:$L$10000, 12, 0), "Revisar") -> 18662136 | K13: =TEXT(TRIM(D13),"0") -> 36698493 | L13: =IF(F13="Revisar","NULL",CONCATENATE("'",TEXT(F13,"yyyy-mm-dd"),"'")) -> '2013-08-17' | M13: =IF(G13="Revisar","NULL",CONCATENATE("'",MID(G13,1,1),"'")) -> 'M' | N13: =IF(H13="Revisar","NULL",CONCATENATE("'",H13,"'")) -> 'MARACAIBO' | O13: =IF(I13="Revisar","NULL",CONCATENATE("'",I13,"'")) -> 'ZU' | P13: ="UPDATE estudiantes SET fecha_nacimiento="&L13&", sexo="&M13&", lugar_nacimiento="&N13&", entidad_federal="&O13&" WHERE cedula='"&K13&"';" -> UPDATE estudiantes SET fecha_nacimiento='2013-08-17', sexo='M', lugar_nacimiento='MARACAIBO', entidad_federal='ZU' WHERE cedula='36698493';
... A63: 2025-2026 | B63: 1F | C63: B | D63: 011322469544 | E63: 45922 | F63: =IFERROR(VLOOKUP(TRIM($D63), Hoja4_2!$A$2:$L$10000, 4, 0), "Revisar") -> 41544 | G63: =IFERROR(VLOOKUP(TRIM($D63), Hoja4_2!$A$2:$L$10000, 5, 0), "Revisar") -> FEMENINO | H63: =IFERROR(VLOOKUP(TRIM($D63), Hoja4_2!$A$2:$L$10000, 7, 0), "Revisar") -> MARACAIBO | I63: =IFERROR(VLOOKUP(TRIM($D63), Hoja4_2!$A$2:$L$10000, 9, 0), "Revisar") -> ZU | J63: =IFERROR(VLOOKUP(TRIM($D63), Hoja4_2!$A$2:$L$10000, 12, 0), "Revisar") -> 22469544 | K63: =TEXT(TRIM(D63),"0") -> 11322469544 | L63: =IF(F63="Revisar","NULL",CONCATENATE("'",TEXT(F63,"yyyy-mm-dd"),"'")) -> '2013-09-27' | M63: =IF(G63="Revisar","NULL",CONCATENATE("'",MID(G63,1,1),"'")) -> 'F' | N63: =IF(H63="Revisar","NULL",CONCATENATE("'",H63,"'")) -> 'MARACAIBO' | O63: =IF(I63="Revisar","NULL",CONCATENATE("'",I63,"'")) -> 'ZU' | P63: ="UPDATE estudiantes SET fecha_nacimiento="&L63&", sexo="&M63&", lugar_nacimiento="&N63&", entidad_federal="&O63&" WHERE cedula='"&K63&"';" -> UPDATE estudiantes SET fecha_nacimiento='2013-09-27', sexo='F', lugar_nacimiento='MARACAIBO', entidad_federal='ZU' WHERE cedula='11322469544';
A64: 2025-2026 | B64: 1F | C64: B | D64: 011323272285 | E64: 46126 | F64: NULL | G64: NULL | H64: NULL | I64: NULL | J64: NULL | K64: =TEXT(TRIM(D64),"0") -> 11323272285 | L64: =IF(F64="Revisar","NULL",CONCATENATE("'",TEXT(F64,"yyyy-mm-dd"),"'")) -> 'NULL' | M64: =IF(G64="Revisar","NULL",CONCATENATE("'",MID(G64,1,1),"'")) -> 'N' | N64: =IF(H64="Revisar","NULL",CONCATENATE("'",H64,"'")) -> 'NULL' | O64: =IF(I64="Revisar","NULL",CONCATENATE("'",I64,"'")) -> 'NULL' | P64: ="UPDATE estudiantes SET fecha_nacimiento="&L64&", sexo="&M64&", lugar_nacimiento="&N64&", entidad_federal="&O64&" WHERE cedula='"&K64&"';" -> UPDATE estudiantes SET fecha_nacimiento='NULL', sexo='N', lugar_nacimiento='NULL', entidad_federal='NULL' WHERE cedula='11323272285';
A65: 2025-2026 | B65: 1F | C65: B | D65: 011325596102 | E65: 45922 | F65: =IFERROR(VLOOKUP(TRIM($D65), Hoja4_2!$A$2:$L$10000, 4, 0), "Revisar") -> 41513 | G65: =IFERROR(VLOOKUP(TRIM($D65), Hoja4_2!$A$2:$L$10000, 5, 0), "Revisar") -> FEMENINO | H65: =IFERROR(VLOOKUP(TRIM($D65), Hoja4_2!$A$2:$L$10000, 7, 0), "Revisar") -> MARACAIBO | I65: =IFERROR(VLOOKUP(TRIM($D65), Hoja4_2!$A$2:$L$10000, 9, 0), "Revisar") -> ZU | J65: =IFERROR(VLOOKUP(TRIM($D65), Hoja4_2!$A$2:$L$10000, 12, 0), "Revisar") -> 25596102 | K65: =TEXT(TRIM(D65),"0") -> 11325596102 | L65: =IF(F65="Revisar","NULL",CONCATENATE("'",TEXT(F65,"yyyy-mm-dd"),"'")) -> '2013-08-27' | M65: =IF(G65="Revisar","NULL",CONCATENATE("'",MID(G65,1,1),"'")) -> 'F' | N65: =IF(H65="Revisar","NULL",CONCATENATE("'",H65,"'")) -> 'MARACAIBO' | O65: =IF(I65="Revisar","NULL",CONCATENATE("'",I65,"'")) -> 'ZU' | P65: ="UPDATE estudiantes SET fecha_nacimiento="&L65&", sexo="&M65&", lugar_nacimiento="&N65&", entidad_federal="&O65&" WHERE cedula='"&K65&"';" -> UPDATE estudiantes SET fecha_nacimiento='2013-08-27', sexo='F', lugar_nacimiento='MARACAIBO', entidad_federal='ZU' WHERE cedula='11325596102';
A66: 2025-2026 | B66: 1F | C66: B | D66: 011415053986 | E66: 45922 | F66: =IFERROR(VLOOKUP(TRIM($D66), Hoja4_2!$A$2:$L$10000, 4, 0), "Revisar") -> 41669 | G66: =IFERROR(VLOOKUP(TRIM($D66), Hoja4_2!$A$2:$L$10000, 5, 0), "Revisar") -> FEMENINO | H66: =IFERROR(VLOOKUP(TRIM($D66), Hoja4_2!$A$2:$L$10000, 7, 0), "Revisar") -> JESUS ENRIQUE LOSSADA | I66: =IFERROR(VLOOKUP(TRIM($D66), Hoja4_2!$A$2:$L$10000, 9, 0), "Revisar") -> ZU | J66: =IFERROR(VLOOKUP(TRIM($D66), Hoja4_2!$A$2:$L$10000, 12, 0), "Revisar") -> 15053986 | K66: =TEXT(TRIM(D66),"0") -> 11415053986 | L66: =IF(F66="Revisar","NULL",CONCATENATE("'",TEXT(F66,"yyyy-mm-dd"),"'")) -> '2014-01-30' | M66: =IF(G66="Revisar","NULL",CONCATENATE("'",MID(G66,1,1),"'")) -> 'F' | N66: =IF(H66="Revisar","NULL",CONCATENATE("'",H66,"'")) -> 'JESUS ENRIQUE LOSSADA' | O66: =IF(I66="Revisar","NULL",CONCATENATE("'",I66,"'")) -> 'ZU' | P66: ="UPDATE estudiantes SET fecha_nacimiento="&L66&", sexo="&M66&", lugar_nacimiento="&N66&", entidad_federal="&O66&" WHERE cedula='"&K66&"';" -> UPDATE estudiantes SET fecha_nacimiento='2014-01-30', sexo='F', lugar_nacimiento='JESUS ENRIQUE LOSSADA', entidad_federal='ZU' WHERE cedula='11415053986';
A67: 2025-2026 | B67: 1F | C67: B | D67: 011417938235 | E67: 45922 | F67: =IFERROR(VLOOKUP(TRIM($D67), Hoja4_2!$A$2:$L$10000, 4, 0), "Revisar") -> 41678 | G67: =IFERROR(VLOOKUP(TRIM($D67), Hoja4_2!$A$2:$L$10000, 5, 0), "Revisar") -> FEMENINO | H67: =IFERROR(VLOOKUP(TRIM($D67), Hoja4_2!$A$2:$L$10000, 7, 0), "Revisar") -> MARACAIBO | I67: =IFERROR(VLOOKUP(TRIM($D67), Hoja4_2!$A$2:$L$10000, 9, 0), "Revisar") -> ZU | J67: =IFERROR(VLOOKUP(TRIM($D67), Hoja4_2!$A$2:$L$10000, 12, 0), "Revisar") -> 17938235 | K67: =TEXT(TRIM(D67),"0") -> 11417938235 | L67: =IF(F67="Revisar","NULL",CONCATENATE("'",TEXT(F67,"yyyy-mm-dd"),"'")) -> '2014-02-08' | M67: =IF(G67="Revisar","NULL",CONCATENATE("'",MID(G67,1,1),"'")) -> 'F' | N67: =IF(H67="Revisar","NULL",CONCATENATE("'",H67,"'")) -> 'MARACAIBO' | O67: =IF(I67="Revisar","NULL",CONCATENATE("'",I67,"'")) -> 'ZU' | P67: ="UPDATE estudiantes SET fecha_nacimiento="&L67&", sexo="&M67&", lugar_nacimiento="&N67&", entidad_federal="&O67&" WHERE cedula='"&K67&"';" -> UPDATE estudiantes SET fecha_nacimiento='2014-02-08', sexo='F', lugar_nacimiento='MARACAIBO', entidad_federal='ZU' WHERE cedula='11417938235';
A68: 2025-2026 | B68: 1F | C68: B | D68: 011423466371 | E68: 45922 | F68: =IFERROR(VLOOKUP(TRIM($D68), Hoja4_2!$A$2:$L$10000, 4, 0), "Revisar") -> 41723 | G68: =IFERROR(VLOOKUP(TRIM($D68), Hoja4_2!$A$2:$L$10000, 5, 0), "Revisar") -> FEMENINO | H68: =IFERROR(VLOOKUP(TRIM($D68), Hoja4_2!$A$2:$L$10000, 7, 0), "Revisar") -> MARACAIBO | I68: =IFERROR(VLOOKUP(TRIM($D68), Hoja4_2!$A$2:$L$10000, 9, 0), "Revisar") -> ZU | J68: =IFERROR(VLOOKUP(TRIM($D68), Hoja4_2!$A$2:$L$10000, 12, 0), "Revisar") -> 09783701 | K68: =TEXT(TRIM(D68),"0") -> 11423466371 | L68: =IF(F68="Revisar","NULL",CONCATENATE("'",TEXT(F68,"yyyy-mm-dd"),"'")) -> '2014-03-25' | M68: =IF(G68="Revisar","NULL",CONCATENATE("'",MID(G68,1,1),"'")) -> 'F' | N68: =IF(H68="Revisar","NULL",CONCATENATE("'",H68,"'")) -> 'MARACAIBO' | O68: =IF(I68="Revisar","NULL",CONCATENATE("'",I68,"'")) -> 'ZU' | P68: ="UPDATE estudiantes SET fecha_nacimiento="&L68&", sexo="&M68&", lugar_nacimiento="&N68&", entidad_federal="&O68&" WHERE cedula='"&K68&"';" -> UPDATE estudiantes SET fecha_nacimiento='2014-03-25', sexo='F', lugar_nacimiento='MARACAIBO', entidad_federal='ZU' WHERE cedula='11423466371';
A69: 2025-2026 | B69: 1F | C69: B | D69: 011523466488 | E69: 45922 | F69: =IFERROR(VLOOKUP(TRIM($D69), Hoja4_2!$A$2:$L$10000, 4, 0), "Revisar") -> 42114 | G69: =IFERROR(VLOOKUP(TRIM($D69), Hoja4_2!$A$2:$L$10000, 5, 0), "Revisar") -> FEMENINO | H69: =IFERROR(VLOOKUP(TRIM($D69), Hoja4_2!$A$2:$L$10000, 7, 0), "Revisar") -> JESUS ENRIQUE LOSSADA | I69: =IFERROR(VLOOKUP(TRIM($D69), Hoja4_2!$A$2:$L$10000, 9, 0), "Revisar") -> ZU | J69: =IFERROR(VLOOKUP(TRIM($D69), Hoja4_2!$A$2:$L$10000, 12, 0), "Revisar") -> 23466488 | K69: =TEXT(TRIM(D69),"0") -> 11523466488 | L69: =IF(F69="Revisar","NULL",CONCATENATE("'",TEXT(F69,"yyyy-mm-dd"),"'")) -> '2015-04-20' | M69: =IF(G69="Revisar","NULL",CONCATENATE("'",MID(G69,1,1),"'")) -> 'F' | N69: =IF(H69="Revisar","NULL",CONCATENATE("'",H69,"'")) -> 'JESUS ENRIQUE LOSSADA' | O69: =IF(I69="Revisar","NULL",CONCATENATE("'",I69,"'")) -> 'ZU' | P69: ="UPDATE estudiantes SET fecha_nacimiento="&L69&", sexo="&M69&", lugar_nacimiento="&N69&", entidad_federal="&O69&" WHERE cedula='"&K69&"';" -> UPDATE estudiantes SET fecha_nacimiento='2015-04-20', sexo='F', lugar_nacimiento='JESUS ENRIQUE LOSSADA', entidad_federal='ZU' WHERE cedula='11523466488';
A70: 2025-2026 | B70: 1F | C70: B | D70: 011529645071 | E70: 45923 | F70: =IFERROR(VLOOKUP(TRIM($D70), Hoja4_2!$A$2:$L$10000, 4, 0), "Revisar") -> 42050 | G70: =IFERROR(VLOOKUP(TRIM($D70), Hoja4_2!$A$2:$L$10000, 5, 0), "Revisar") -> FEMENINO | H70: =IFERROR(VLOOKUP(TRIM($D70), Hoja4_2!$A$2:$L$10000, 7, 0), "Revisar") -> MARACAIBO | I70: =IFERROR(VLOOKUP(TRIM($D70), Hoja4_2!$A$2:$L$10000, 9, 0), "Revisar") -> ZU | J70: =IFERROR(VLOOKUP(TRIM($D70), Hoja4_2!$A$2:$L$10000, 12, 0), "Revisar") -> 29645071 | K70: =TEXT(TRIM(D70),"0") -> 11529645071 | L70: =IF(F70="Revisar","NULL",CONCATENATE("'",TEXT(F70,"yyyy-mm-dd"),"'")) -> '2015-02-15' | M70: =IF(G70="Revisar","NULL",CONCATENATE("'",MID(G70,1,1),"'")) -> 'F' | N70: =IF(H70="Revisar","NULL",CONCATENATE("'",H70,"'")) -> 'MARACAIBO' | O70: =IF(I70="Revisar","NULL",CONCATENATE("'",I70,"'")) -> 'ZU' | P70: ="UPDATE estudiantes SET fecha_nacimiento="&L70&", sexo="&M70&", lugar_nacimiento="&N70&", entidad_federal="&O70&" WHERE cedula='"&K70&"';" -> UPDATE estudiantes SET fecha_nacimiento='2015-02-15', sexo='F', lugar_nacimiento='MARACAIBO', entidad_federal='ZU' WHERE cedula='11529645071';
A71: 2025-2026 | B71: 1F | C71: C | D71: 000034760845 | E71: 45922 | F71: =IFERROR(VLOOKUP(TRIM($D71), Hoja4_2!$A$2:$L$10000, 4, 0), "Revisar") -> 41327 | G71: =IFERROR(VLOOKUP(TRIM($D71), Hoja4_2!$A$2:$L$10000, 5, 0), "Revisar") -> MASCULINO | H71: =IFERROR(VLOOKUP(TRIM($D71), Hoja4_2!$A$2:$L$10000, 7, 0), "Revisar") -> MARACAIBO | I71: =IFERROR(VLOOKUP(TRIM($D71), Hoja4_2!$A$2:$L$10000, 9, 0), "Revisar") -> ZU | J71: =IFERROR(VLOOKUP(TRIM($D71), Hoja4_2!$A$2:$L$10000, 12, 0), "Revisar") -> 15479103 | K71: =TEXT(TRIM(D71),"0") -> 34760845 | L71: =IF(F71="Revisar","NULL",CONCATENATE("'",TEXT(F71,"yyyy-mm-dd"),"'")) -> '2013-02-22' | M71: =IF(G71="Revisar","NULL",CONCATENATE("'",MID(G71,1,1),"'")) -> 'M' | N71: =IF(H71="Revisar","NULL",CONCATENATE("'",H71,"'")) -> 'MARACAIBO' | O71: =IF(I71="Revisar","NULL",CONCATENATE("'",I71,"'")) -> 'ZU' | P71: ="UPDATE estudiantes SET fecha_nacimiento="&L71&", sexo="&M71&", lugar_nacimiento="&N71&", entidad_federal="&O71&" WHERE cedula='"&K71&"';" -> UPDATE estudiantes SET fecha_nacimiento='2013-02-22', sexo='M', lugar_nacimiento='MARACAIBO', entidad_federal='ZU' WHERE cedula='34760845';
A72: 2025-2026 | B72: 1F | C72: C | D72: 000034835261 | E72: 45922 | F72: =IFERROR(VLOOKUP(TRIM($D72), Hoja4_2!$A$2:$L$10000, 4, 0), "Revisar") -> 40843 | G72: =IFERROR(VLOOKUP(TRIM($D72), Hoja4_2!$A$2:$L$10000, 5, 0), "Revisar") -> FEMENINO | H72: =IFERROR(VLOOKUP(TRIM($D72), Hoja4_2!$A$2:$L$10000, 7, 0), "Revisar") -> MARACAIBO | I72: =IFERROR(VLOOKUP(TRIM($D72), Hoja4_2!$A$2:$L$10000, 9, 0), "Revisar") -> ZU | J72: =IFERROR(VLOOKUP(TRIM($D72), Hoja4_2!$A$2:$L$10000, 12, 0), "Revisar") -> 17938287 | K72: =TEXT(TRIM(D72),"0") -> 34835261 | L72: =IF(F72="Revisar","NULL",CONCATENATE("'",TEXT(F72,"yyyy-mm-dd"),"'")) -> '2011-10-27' | M72: =IF(G72="Revisar","NULL",CONCATENATE("'",MID(G72,1,1),"'")) -> 'F' | N72: =IF(H72="Revisar","NULL",CONCATENATE("'",H72,"'")) -> 'MARACAIBO' | O72: =IF(I72="Revisar","NULL",CONCATENATE("'",I72,"'")) -> 'ZU' | P72: ="UPDATE estudiantes SET fecha_nacimiento="&L72&", sexo="&M72&", lugar_nacimiento="&N72&", entidad_federal="&O72&" WHERE cedula='"&K72&"';" -> UPDATE estudiantes SET fecha_nacimiento='2011-10-27', sexo='F', lugar_nacimiento='MARACAIBO', entidad_federal='ZU' WHERE cedula='34835261';
A73: 2025-2026 | B73: 1F | C73: C | D73: 000036070529 | E73: 45929 | F73: =IFERROR(VLOOKUP(TRIM($D73), Hoja4_2!$A$2:$L$10000, 4, 0), "Revisar") -> 41078 | G73: =IFERROR(VLOOKUP(TRIM($D73), Hoja4_2!$A$2:$L$10000, 5, 0), "Revisar") -> MASCULINO | H73: =IFERROR(VLOOKUP(TRIM($D73), Hoja4_2!$A$2:$L$10000, 7, 0), "Revisar") -> JESUS ENRIQUE LOSSADA | I73: =IFERROR(VLOOKUP(TRIM($D73), Hoja4_2!$A$2:$L$10000, 9, 0), "Revisar") -> ZU | J73: =IFERROR(VLOOKUP(TRIM($D73), Hoja4_2!$A$2:$L$10000, 12, 0), "Revisar") -> 07626287 | K73: =TEXT(TRIM(D73),"0") -> 36070529 | L73: =IF(F73="Revisar","NULL",CONCATENATE("'",TEXT(F73,"yyyy-mm-dd"),"'")) -> '2012-06-18' | M73: =IF(G73="Revisar","NULL",CONCATENATE("'",MID(G73,1,1),"'")) -> 'M' | N73: =IF(H73="Revisar","NULL",CONCATENATE("'",H73,"'")) -> 'JESUS ENRIQUE LOSSADA' | O73: =IF(I73="Revisar","NULL",CONCATENATE("'",I73,"'")) -> 'ZU' | P73: ="UPDATE estudiantes SET fecha_nacimiento="&L73&", sexo="&M73&", lugar_nacimiento="&N73&", entidad_federal="&O73&" WHERE cedula='"&K73&"';" -> UPDATE estudiantes SET fecha_nacimiento='2012-06-18', sexo='M', lugar_nacimiento='JESUS ENRIQUE LOSSADA', entidad_federal='ZU' WHERE cedula='36070529';
A74: 2025-2026 | B74: 1F | C74: C | D74: 000036228085 | E74: 45922 | F74: =IFERROR(VLOOKUP(TRIM($D74), Hoja4_2!$A$2:$L$10000, 4, 0), "Revisar") -> 41453 | G74: =IFERROR(VLOOKUP(TRIM($D74), Hoja4_2!$A$2:$L$10000, 5, 0), "Revisar") -> FEMENINO | H74: =IFERROR(VLOOKUP(TRIM($D74), Hoja4_2!$A$2:$L$10000, 7, 0), "Revisar") -> MARACAIBO | I74: =IFERROR(VLOOKUP(TRIM($D74), Hoja4_2!$A$2:$L$10000, 9, 0), "Revisar") -> ZU | J74: =IFERROR(VLOOKUP(TRIM($D74), Hoja4_2!$A$2:$L$10000, 12, 0), "Revisar") -> 09754394 | K74: =TEXT(TRIM(D74),"0") -> 36228085 | L74: =IF(F74="Revisar","NULL",CONCATENATE("'",TEXT(F74,"yyyy-mm-dd"),"'")) -> '2013-06-28' | M74: =IF(G74="Revisar","NULL",CONCATENATE("'",MID(G74,1,1),"'")) -> 'F' | N74: =IF(H74="Revisar","NULL",CONCATENATE("'",H74,"'")) -> 'MARACAIBO' | O74: =IF(I74="Revisar","NULL",CONCATENATE("'",I74,"'")) -> 'ZU' | P74: ="UPDATE estudiantes SET fecha_nacimiento="&L74&", sexo="&M74&", lugar_nacimiento="&N74&", entidad_federal="&O74&" WHERE cedula='"&K74&"';" -> UPDATE estudiantes SET fecha_nacimiento='2013-06-28', sexo='F', lugar_nacimiento='MARACAIBO', entidad_federal='ZU' WHERE cedula='36228085';
A75: 2025-2026 | B75: 1F | C75: C | D75: 000036292258 | E75: 45922 | F75: =IFERROR(VLOOKUP(TRIM($D75), Hoja4_2!$A$2:$L$10000, 4, 0), "Revisar") -> 41424 | G75: =IFERROR(VLOOKUP(TRIM($D75), Hoja4_2!$A$2:$L$10000, 5, 0), "Revisar") -> FEMENINO | H75: =IFERROR(VLOOKUP(TRIM($D75), Hoja4_2!$A$2:$L$10000, 7, 0), "Revisar") -> MARACAIBO | I75: =IFERROR(VLOOKUP(TRIM($D75), Hoja4_2!$A$2:$L$10000, 9, 0), "Revisar") -> ZU | J75: =IFERROR(VLOOKUP(TRIM($D75), Hoja4_2!$A$2:$L$10000, 12, 0), "Revisar") -> 20833989 | K75: =TEXT(TRIM(D75),"0") -> 36292258 | L75: =IF(F75="Revisar","NULL",CONCATENATE("'",TEXT(F75,"yyyy-mm-dd"),"'")) -> '2013-05-30' | M75: =IF(G75="Revisar","NULL",CONCATENATE("'",MID(G75,1,1),"'")) -> 'F' | N75: =IF(H75="Revisar","NULL",CONCATENATE("'",H75,"'")) -> 'MARACAIBO' | O75: =IF(I75="Revisar","NULL",CONCATENATE("'",I75,"'")) -> 'ZU' | P75: ="UPDATE estudiantes SET fecha_nacimiento="&L75&", sexo="&M75&", lugar_nacimiento="&N75&", entidad_federal="&O75&" WHERE cedula='"&K75&"';" -> UPDATE estudiantes SET fecha_nacimiento='2013-05-30', sexo='F', lugar_nacimiento='MARACAIBO', entidad_federal='ZU' WHERE cedula='36292258';
A76: 2025-2026 | B76: 1F | C76: C | D76: 000036345288 | E76: 45922 | F76: =IFERROR(VLOOKUP(TRIM($D76), Hoja4_2!$A$2:$L$10000, 4, 0), "Revisar") -> 41277 | G76: =IFERROR(VLOOKUP(TRIM($D76), Hoja4_2!$A$2:$L$10000, 5, 0), "Revisar") -> MASCULINO | H76: =IFERROR(VLOOKUP(TRIM($D76), Hoja4_2!$A$2:$L$10000, 7, 0), "Revisar") -> MARACAIBO | I76: =IFERROR(VLOOKUP(TRIM($D76), Hoja4_2!$A$2:$L$10000, 9, 0), "Revisar") -> ZU | J76: =IFERROR(VLOOKUP(TRIM($D76), Hoja4_2!$A$2:$L$10000, 12, 0), "Revisar") -> 16835698 | K76: =TEXT(TRIM(D76),"0") -> 36345288 | L76: =IF(F76="Revisar","NULL",CONCATENATE("'",TEXT(F76,"yyyy-mm-dd"),"'")) -> '2013-01-03' | M76: =IF(G76="Revisar","NULL",CONCATENATE("'",MID(G76,1,1),"'")) -> 'M' | N76: =IF(H76="Revisar","NULL",CONCATENATE("'",H76,"'")) -> 'MARACAIBO' | O76: =IF(I76="Revisar","NULL",CONCATENATE("'",I76,"'")) -> 'ZU' | P76: ="UPDATE estudiantes SET fecha_nacimiento="&L76&", sexo="&M76&", lugar_nacimiento="&N76&", entidad_federal="&O76&" WHERE cedula='"&K76&"';" -> UPDATE estudiantes SET fecha_nacimiento='2013-01-03', sexo='M', lugar_nacimiento='MARACAIBO', entidad_federal='ZU' WHERE cedula='36345288';
... A78: 2025-2026 | B78: 1F | C78: C | D78: 000036773562 | E78: 45922 | F78: =IFERROR(VLOOKUP(TRIM($D78), Hoja4_2!$A$2:$L$10000, 4, 0), "Revisar") -> 41954 | G78: =IFERROR(VLOOKUP(TRIM($D78), Hoja4_2!$A$2:$L$10000, 5, 0), "Revisar") -> FEMENINO | H78: =IFERROR(VLOOKUP(TRIM($D78), Hoja4_2!$A$2:$L$10000, 7, 0), "Revisar") -> MARACAIBO | I78: =IFERROR(VLOOKUP(TRIM($D78), Hoja4_2!$A$2:$L$10000, 9, 0), "Revisar") -> ZU | J78: =IFERROR(VLOOKUP(TRIM($D78), Hoja4_2!$A$2:$L$10000, 12, 0), "Revisar") -> 13081048 | K78: =TEXT(TRIM(D78),"0") -> 36773562 | L78: =IF(F78="Revisar","NULL",CONCATENATE("'",TEXT(F78,"yyyy-mm-dd"),"'")) -> '2014-11-11' | M78: =IF(G78="Revisar","NULL",CONCATENATE("'",MID(G78,1,1),"'")) -> 'F' | N78: =IF(H78="Revisar","NULL",CONCATENATE("'",H78,"'")) -> 'MARACAIBO' | O78: =IF(I78="Revisar","NULL",CONCATENATE("'",I78,"'")) -> 'ZU' | P78: ="UPDATE estudiantes SET fecha_nacimiento="&L78&", sexo="&M78&", lugar_nacimiento="&N78&", entidad_federal="&O78&" WHERE cedula='"&K78&"';" -> UPDATE estudiantes SET fecha_nacimiento='2014-11-11', sexo='F', lugar_nacimiento='MARACAIBO', entidad_federal='ZU' WHERE cedula='36773562';
A79: 2025-2026 | B79: 1F | C79: C | D79: 000036848161 | E79: 46043 | F79: NULL | G79: NULL | H79: NULL | I79: NULL | J79: NULL | K79: =TEXT(TRIM(D79),"0") -> 36848161 | L79: =IF(F79="Revisar","NULL",CONCATENATE("'",TEXT(F79,"yyyy-mm-dd"),"'")) -> 'NULL' | M79: =IF(G79="Revisar","NULL",CONCATENATE("'",MID(G79,1,1),"'")) -> 'N' | N79: =IF(H79="Revisar","NULL",CONCATENATE("'",H79,"'")) -> 'NULL' | O79: =IF(I79="Revisar","NULL",CONCATENATE("'",I79,"'")) -> 'NULL' | P79: ="UPDATE estudiantes SET fecha_nacimiento="&L79&", sexo="&M79&", lugar_nacimiento="&N79&", entidad_federal="&O79&" WHERE cedula='"&K79&"';" -> UPDATE estudiantes SET fecha_nacimiento='NULL', sexo='N', lugar_nacimiento='NULL', entidad_federal='NULL' WHERE cedula='36848161';
A80: 2025-2026 | B80: 1F | C80: C | D80: 000036864147 | E80: 45922 | F80: =IFERROR(VLOOKUP(TRIM($D80), Hoja4_2!$A$2:$L$10000, 4, 0), "Revisar") -> 41298 | G80: =IFERROR(VLOOKUP(TRIM($D80), Hoja4_2!$A$2:$L$10000, 5, 0), "Revisar") -> FEMENINO | H80: =IFERROR(VLOOKUP(TRIM($D80), Hoja4_2!$A$2:$L$10000, 7, 0), "Revisar") -> MARACAIBO | I80: =IFERROR(VLOOKUP(TRIM($D80), Hoja4_2!$A$2:$L$10000, 9, 0), "Revisar") -> ZU | J80: =IFERROR(VLOOKUP(TRIM($D80), Hoja4_2!$A$2:$L$10000, 12, 0), "Revisar") -> 20508742 | K80: =TEXT(TRIM(D80),"0") -> 36864147 | L80: =IF(F80="Revisar","NULL",CONCATENATE("'",TEXT(F80,"yyyy-mm-dd"),"'")) -> '2013-01-24' | M80: =IF(G80="Revisar","NULL",CONCATENATE("'",MID(G80,1,1),"'")) -> 'F' | N80: =IF(H80="Revisar","NULL",CONCATENATE("'",H80,"'")) -> 'MARACAIBO' | O80: =IF(I80="Revisar","NULL",CONCATENATE("'",I80,"'")) -> 'ZU' | P80: ="UPDATE estudiantes SET fecha_nacimiento="&L80&", sexo="&M80&", lugar_nacimiento="&N80&", entidad_federal="&O80&" WHERE cedula='"&K80&"';" -> UPDATE estudiantes SET fecha_nacimiento='2013-01-24', sexo='F', lugar_nacimiento='MARACAIBO', entidad_federal='ZU' WHERE cedula='36864147';
A81: 2025-2026 | B81: 1F | C81: C | D81: 000036907613 | E81: 45922 | F81: =IFERROR(VLOOKUP(TRIM($D81), Hoja4_2!$A$2:$L$10000, 4, 0), "Revisar") -> 41277 | G81: =IFERROR(VLOOKUP(TRIM($D81), Hoja4_2!$A$2:$L$10000, 5, 0), "Revisar") -> MASCULINO | H81: =IFERROR(VLOOKUP(TRIM($D81), Hoja4_2!$A$2:$L$10000, 7, 0), "Revisar") -> JESUS ENRIQUE LOSSADA | I81: =IFERROR(VLOOKUP(TRIM($D81), Hoja4_2!$A$2:$L$10000, 9, 0), "Revisar") -> ZU | J81: =IFERROR(VLOOKUP(TRIM($D81), Hoja4_2!$A$2:$L$10000, 12, 0), "Revisar") -> 20371881 | K81: =TEXT(TRIM(D81),"0") -> 36907613 | L81: =IF(F81="Revisar","NULL",CONCATENATE("'",TEXT(F81,"yyyy-mm-dd"),"'")) -> '2013-01-03' | M81: =IF(G81="Revisar","NULL",CONCATENATE("'",MID(G81,1,1),"'")) -> 'M' | N81: =IF(H81="Revisar","NULL",CONCATENATE("'",H81,"'")) -> 'JESUS ENRIQUE LOSSADA' | O81: =IF(I81="Revisar","NULL",CONCATENATE("'",I81,"'")) -> 'ZU' | P81: ="UPDATE estudiantes SET fecha_nacimiento="&L81&", sexo="&M81&", lugar_nacimiento="&N81&", entidad_federal="&O81&" WHERE cedula='"&K81&"';" -> UPDATE estudiantes SET fecha_nacimiento='2013-01-03', sexo='M', lugar_nacimiento='JESUS ENRIQUE LOSSADA', entidad_federal='ZU' WHERE cedula='36907613';
A82: 2025-2026 | B82: 1F | C82: C | D82: 000036988353 | E82: 45922 | F82: =IFERROR(VLOOKUP(TRIM($D82), Hoja4_2!$A$2:$L$10000, 4, 0), "Revisar") -> 41449 | G82: =IFERROR(VLOOKUP(TRIM($D82), Hoja4_2!$A$2:$L$10000, 5, 0), "Revisar") -> FEMENINO | H82: =IFERROR(VLOOKUP(TRIM($D82), Hoja4_2!$A$2:$L$10000, 7, 0), "Revisar") -> MARACAIBO | I82: =IFERROR(VLOOKUP(TRIM($D82), Hoja4_2!$A$2:$L$10000, 9, 0), "Revisar") -> ZU | J82: =IFERROR(VLOOKUP(TRIM($D82), Hoja4_2!$A$2:$L$10000, 12, 0), "Revisar") -> 20058317 | K82: =TEXT(TRIM(D82),"0") -> 36988353 | L82: =IF(F82="Revisar","NULL",CONCATENATE("'",TEXT(F82,"yyyy-mm-dd"),"'")) -> '2013-06-24' | M82: =IF(G82="Revisar","NULL",CONCATENATE("'",MID(G82,1,1),"'")) -> 'F' | N82: =IF(H82="Revisar","NULL",CONCATENATE("'",H82,"'")) -> 'MARACAIBO' | O82: =IF(I82="Revisar","NULL",CONCATENATE("'",I82,"'")) -> 'ZU' | P82: ="UPDATE estudiantes SET fecha_nacimiento="&L82&", sexo="&M82&", lugar_nacimiento="&N82&", entidad_federal="&O82&" WHERE cedula='"&K82&"';" -> UPDATE estudiantes SET fecha_nacimiento='2013-06-24', sexo='F', lugar_nacimiento='MARACAIBO', entidad_federal='ZU' WHERE cedula='36988353';
A83: 2025-2026 | B83: 1F | C83: C | D83: 000037007137 | E83: 45987 | F83: =IFERROR(VLOOKUP(TRIM($D83), Hoja4_2!$A$2:$L$10000, 4, 0), "Revisar") -> 41655 | G83: =IFERROR(VLOOKUP(TRIM($D83), Hoja4_2!$A$2:$L$10000, 5, 0), "Revisar") -> FEMENINO | H83: =IFERROR(VLOOKUP(TRIM($D83), Hoja4_2!$A$2:$L$10000, 7, 0), "Revisar") -> MARACAIBO | I83: =IFERROR(VLOOKUP(TRIM($D83), Hoja4_2!$A$2:$L$10000, 9, 0), "Revisar") -> ZU | J83: =IFERROR(VLOOKUP(TRIM($D83), Hoja4_2!$A$2:$L$10000, 12, 0), "Revisar") -> 18662051 | K83: =TEXT(TRIM(D83),"0") -> 37007137 | L83: =IF(F83="Revisar","NULL",CONCATENATE("'",TEXT(F83,"yyyy-mm-dd"),"'")) -> '2014-01-16' | M83: =IF(G83="Revisar","NULL",CONCATENATE("'",MID(G83,1,1),"'")) -> 'F' | N83: =IF(H83="Revisar","NULL",CONCATENATE("'",H83,"'")) -> 'MARACAIBO' | O83: =IF(I83="Revisar","NULL",CONCATENATE("'",I83,"'")) -> 'ZU' | P83: ="UPDATE estudiantes SET fecha_nacimiento="&L83&", sexo="&M83&", lugar_nacimiento="&N83&", entidad_federal="&O83&" WHERE cedula='"&K83&"';" -> UPDATE estudiantes SET fecha_nacimiento='2014-01-16', sexo='F', lugar_nacimiento='MARACAIBO', entidad_federal='ZU' WHERE cedula='37007137';
A84: 2025-2026 | B84: 1F | C84: C | D84: 000037029917 | E84: 45922 | F84: =IFERROR(VLOOKUP(TRIM($D84), Hoja4_2!$A$2:$L$10000, 4, 0), "Revisar") -> 41693 | G84: =IFERROR(VLOOKUP(TRIM($D84), Hoja4_2!$A$2:$L$10000, 5, 0), "Revisar") -> MASCULINO | H84: =IFERROR(VLOOKUP(TRIM($D84), Hoja4_2!$A$2:$L$10000, 7, 0), "Revisar") -> MARACAIBO | I84: =IFERROR(VLOOKUP(TRIM($D84), Hoja4_2!$A$2:$L$10000, 9, 0), "Revisar") -> ZU | J84: =IFERROR(VLOOKUP(TRIM($D84), Hoja4_2!$A$2:$L$10000, 12, 0), "Revisar") -> 25979267 | K84: =TEXT(TRIM(D84),"0") -> 37029917 | L84: =IF(F84="Revisar","NULL",CONCATENATE("'",TEXT(F84,"yyyy-mm-dd"),"'")) -> '2014-02-23' | M84: =IF(G84="Revisar","NULL",CONCATENATE("'",MID(G84,1,1),"'")) -> 'M' | N84: =IF(H84="Revisar","NULL",CONCATENATE("'",H84,"'")) -> 'MARACAIBO' | O84: =IF(I84="Revisar","NULL",CONCATENATE("'",I84,"'")) -> 'ZU' | P84: ="UPDATE estudiantes SET fecha_nacimiento="&L84&", sexo="&M84&", lugar_nacimiento="&N84&", entidad_federal="&O84&" WHERE cedula='"&K84&"';" -> UPDATE estudiantes SET fecha_nacimiento='2014-02-23', sexo='M', lugar_nacimiento='MARACAIBO', entidad_federal='ZU' WHERE cedula='37029917';
A85: 2025-2026 | B85: 1F | C85: C | D85: 000037030009 | E85: 45922 | F85: =IFERROR(VLOOKUP(TRIM($D85), Hoja4_2!$A$2:$L$10000, 4, 0), "Revisar") -> 41693 | G85: =IFERROR(VLOOKUP(TRIM($D85), Hoja4_2!$A$2:$L$10000, 5, 0), "Revisar") -> FEMENINO | H85: =IFERROR(VLOOKUP(TRIM($D85), Hoja4_2!$A$2:$L$10000, 7, 0), "Revisar") -> MARACAIBO | I85: =IFERROR(VLOOKUP(TRIM($D85), Hoja4_2!$A$2:$L$10000, 9, 0), "Revisar") -> ZU | J85: =IFERROR(VLOOKUP(TRIM($D85), Hoja4_2!$A$2:$L$10000, 12, 0), "Revisar") -> 25979267 | K85: =TEXT(TRIM(D85),"0") -> 37030009 | L85: =IF(F85="Revisar","NULL",CONCATENATE("'",TEXT(F85,"yyyy-mm-dd"),"'")) -> '2014-02-23' | M85: =IF(G85="Revisar","NULL",CONCATENATE("'",MID(G85,1,1),"'")) -> 'F' | N85: =IF(H85="Revisar","NULL",CONCATENATE("'",H85,"'")) -> 'MARACAIBO' | O85: =IF(I85="Revisar","NULL",CONCATENATE("'",I85,"'")) -> 'ZU' | P85: ="UPDATE estudiantes SET fecha_nacimiento="&L85&", sexo="&M85&", lugar_nacimiento="&N85&", entidad_federal="&O85&" WHERE cedula='"&K85&"';" -> UPDATE estudiantes SET fecha_nacimiento='2014-02-23', sexo='F', lugar_nacimiento='MARACAIBO', entidad_federal='ZU' WHERE cedula='37030009';
A86: 2025-2026 | B86: 1F | C86: C | D86: 000037107700 | E86: 45922 | F86: =IFERROR(VLOOKUP(TRIM($D86), Hoja4_2!$A$2:$L$10000, 4, 0), "Revisar") -> 42034 | G86: =IFERROR(VLOOKUP(TRIM($D86), Hoja4_2!$A$2:$L$10000, 5, 0), "Revisar") -> FEMENINO | H86: =IFERROR(VLOOKUP(TRIM($D86), Hoja4_2!$A$2:$L$10000, 7, 0), "Revisar") -> MARACAIBO | I86: =IFERROR(VLOOKUP(TRIM($D86), Hoja4_2!$A$2:$L$10000, 9, 0), "Revisar") -> ZU | J86: =IFERROR(VLOOKUP(TRIM($D86), Hoja4_2!$A$2:$L$10000, 12, 0), "Revisar") -> 17833718 | K86: =TEXT(TRIM(D86),"0") -> 37107700 | L86: =IF(F86="Revisar","NULL",CONCATENATE("'",TEXT(F86,"yyyy-mm-dd"),"'")) -> '2015-01-30' | M86: =IF(G86="Revisar","NULL",CONCATENATE("'",MID(G86,1,1),"'")) -> 'F' | N86: =IF(H86="Revisar","NULL",CONCATENATE("'",H86,"'")) -> 'MARACAIBO' | O86: =IF(I86="Revisar","NULL",CONCATENATE("'",I86,"'")) -> 'ZU' | P86: ="UPDATE estudiantes SET fecha_nacimiento="&L86&", sexo="&M86&", lugar_nacimiento="&N86&", entidad_federal="&O86&" WHERE cedula='"&K86&"';" -> UPDATE estudiantes SET fecha_nacimiento='2015-01-30', sexo='F', lugar_nacimiento='MARACAIBO', entidad_federal='ZU' WHERE cedula='37107700';
A87: 2025-2026 | B87: 1F | C87: C | D87: 000037266329 | E87: 45922 | F87: =IFERROR(VLOOKUP(TRIM($D87), Hoja4_2!$A$2:$L$10000, 4, 0), "Revisar") -> 41619 | G87: =IFERROR(VLOOKUP(TRIM($D87), Hoja4_2!$A$2:$L$10000, 5, 0), "Revisar") -> FEMENINO | H87: =IFERROR(VLOOKUP(TRIM($D87), Hoja4_2!$A$2:$L$10000, 7, 0), "Revisar") -> MARACAIBO | I87: =IFERROR(VLOOKUP(TRIM($D87), Hoja4_2!$A$2:$L$10000, 9, 0), "Revisar") -> ZU | J87: =IFERROR(VLOOKUP(TRIM($D87), Hoja4_2!$A$2:$L$10000, 12, 0), "Revisar") -> 25439260 | K87: =TEXT(TRIM(D87),"0") -> 37266329 | L87: =IF(F87="Revisar","NULL",CONCATENATE("'",TEXT(F87,"yyyy-mm-dd"),"'")) -> '2013-12-11' | M87: =IF(G87="Revisar","NULL",CONCATENATE("'",MID(G87,1,1),"'")) -> 'F' | N87: =IF(H87="Revisar","NULL",CONCATENATE("'",H87,"'")) -> 'MARACAIBO' | O87: =IF(I87="Revisar","NULL",CONCATENATE("'",I87,"'")) -> 'ZU' | P87: ="UPDATE estudiantes SET fecha_nacimiento="&L87&", sexo="&M87&", lugar_nacimiento="&N87&", entidad_federal="&O87&" WHERE cedula='"&K87&"';" -> UPDATE estudiantes SET fecha_nacimiento='2013-12-11', sexo='F', lugar_nacimiento='MARACAIBO', entidad_federal='ZU' WHERE cedula='37266329';
A88: 2025-2026 | B88: 1F | C88: C | D88: 011216687079 | E88: 45922 | F88: =IFERROR(VLOOKUP(TRIM($D88), Hoja4_2!$A$2:$L$10000, 4, 0), "Revisar") -> 41159 | G88: =IFERROR(VLOOKUP(TRIM($D88), Hoja4_2!$A$2:$L$10000, 5, 0), "Revisar") -> FEMENINO | H88: =IFERROR(VLOOKUP(TRIM($D88), Hoja4_2!$A$2:$L$10000, 7, 0), "Revisar") -> MARACAIBO | I88: =IFERROR(VLOOKUP(TRIM($D88), Hoja4_2!$A$2:$L$10000, 9, 0), "Revisar") -> ZU | J88: =IFERROR(VLOOKUP(TRIM($D88), Hoja4_2!$A$2:$L$10000, 12, 0), "Revisar") -> 16687079 | K88: =TEXT(TRIM(D88),"0") -> 11216687079 | L88: =IF(F88="Revisar","NULL",CONCATENATE("'",TEXT(F88,"yyyy-mm-dd"),"'")) -> '2012-09-07' | M88: =IF(G88="Revisar","NULL",CONCATENATE("'",MID(G88,1,1),"'")) -> 'F' | N88: =IF(H88="Revisar","NULL",CONCATENATE("'",H88,"'")) -> 'MARACAIBO' | O88: =IF(I88="Revisar","NULL",CONCATENATE("'",I88,"'")) -> 'ZU' | P88: ="UPDATE estudiantes SET fecha_nacimiento="&L88&", sexo="&M88&", lugar_nacimiento="&N88&", entidad_federal="&O88&" WHERE cedula='"&K88&"';" -> UPDATE estudiantes SET fecha_nacimiento='2012-09-07', sexo='F', lugar_nacimiento='MARACAIBO', entidad_federal='ZU' WHERE cedula='11216687079';
A89: 2025-2026 | B89: 1F | C89: C | D89: 011217087302 | E89: 45922 | F89: =IFERROR(VLOOKUP(TRIM($D89), Hoja4_2!$A$2:$L$10000, 4, 0), "Revisar") -> 41102 | G89: =IFERROR(VLOOKUP(TRIM($D89), Hoja4_2!$A$2:$L$10000, 5, 0), "Revisar") -> MASCULINO | H89: =IFERROR(VLOOKUP(TRIM($D89), Hoja4_2!$A$2:$L$10000, 7, 0), "Revisar") -> MARACAIBO | I89: =IFERROR(VLOOKUP(TRIM($D89), Hoja4_2!$A$2:$L$10000, 9, 0), "Revisar") -> ZU | J89: =IFERROR(VLOOKUP(TRIM($D89), Hoja4_2!$A$2:$L$10000, 12, 0), "Revisar") -> 17087302 | K89: =TEXT(TRIM(D89),"0") -> 11217087302 | L89: =IF(F89="Revisar","NULL",CONCATENATE("'",TEXT(F89,"yyyy-mm-dd"),"'")) -> '2012-07-12' | M89: =IF(G89="Revisar","NULL",CONCATENATE("'",MID(G89,1,1),"'")) -> 'M' | N89: =IF(H89="Revisar","NULL",CONCATENATE("'",H89,"'")) -> 'MARACAIBO' | O89: =IF(I89="Revisar","NULL",CONCATENATE("'",I89,"'")) -> 'ZU' | P89: ="UPDATE estudiantes SET fecha_nacimiento="&L89&", sexo="&M89&", lugar_nacimiento="&N89&", entidad_federal="&O89&" WHERE cedula='"&K89&"';" -> UPDATE estudiantes SET fecha_nacimiento='2012-07-12', sexo='M', lugar_nacimiento='MARACAIBO', entidad_federal='ZU' WHERE cedula='11217087302';
A90: 2025-2026 | B90: 1F | C90: C | D90: 011220686019 | E90: 45922 | F90: =IFERROR(VLOOKUP(TRIM($D90), Hoja4_2!$A$2:$L$10000, 4, 0), "Revisar") -> 41235 | G90: =IFERROR(VLOOKUP(TRIM($D90), Hoja4_2!$A$2:$L$10000, 5, 0), "Revisar") -> FEMENINO | H90: =IFERROR(VLOOKUP(TRIM($D90), Hoja4_2!$A$2:$L$10000, 7, 0), "Revisar") -> MARACAIBO | I90: =IFERROR(VLOOKUP(TRIM($D90), Hoja4_2!$A$2:$L$10000, 9, 0), "Revisar") -> ZU | J90: =IFERROR(VLOOKUP(TRIM($D90), Hoja4_2!$A$2:$L$10000, 12, 0), "Revisar") -> 20686019 | K90: =TEXT(TRIM(D90),"0") -> 11220686019 | L90: =IF(F90="Revisar","NULL",CONCATENATE("'",TEXT(F90,"yyyy-mm-dd"),"'")) -> '2012-11-22' | M90: =IF(G90="Revisar","NULL",CONCATENATE("'",MID(G90,1,1),"'")) -> 'F' | N90: =IF(H90="Revisar","NULL",CONCATENATE("'",H90,"'")) -> 'MARACAIBO' | O90: =IF(I90="Revisar","NULL",CONCATENATE("'",I90,"'")) -> 'ZU' | P90: ="UPDATE estudiantes SET fecha_nacimiento="&L90&", sexo="&M90&", lugar_nacimiento="&N90&", entidad_federal="&O90&" WHERE cedula='"&K90&"';" -> UPDATE estudiantes SET fecha_nacimiento='2012-11-22', sexo='F', lugar_nacimiento='MARACAIBO', entidad_federal='ZU' WHERE cedula='11220686019';
A91: 2025-2026 | B91: 1F | C91: C | D91: 011223753792 | E91: 45922 | F91: =IFERROR(VLOOKUP(TRIM($D91), Hoja4_2!$A$2:$L$10000, 4, 0), "Revisar") -> 41224 | G91: =IFERROR(VLOOKUP(TRIM($D91), Hoja4_2!$A$2:$L$10000, 5, 0), "Revisar") -> FEMENINO | H91: =IFERROR(VLOOKUP(TRIM($D91), Hoja4_2!$A$2:$L$10000, 7, 0), "Revisar") -> MARACAIBO | I91: =IFERROR(VLOOKUP(TRIM($D91), Hoja4_2!$A$2:$L$10000, 9, 0), "Revisar") -> ZU | J91: =IFERROR(VLOOKUP(TRIM($D91), Hoja4_2!$A$2:$L$10000, 12, 0), "Revisar") -> 23753792 | K91: =TEXT(TRIM(D91),"0") -> 11223753792 | L91: =IF(F91="Revisar","NULL",CONCATENATE("'",TEXT(F91,"yyyy-mm-dd"),"'")) -> '2012-11-11' | M91: =IF(G91="Revisar","NULL",CONCATENATE("'",MID(G91,1,1),"'")) -> 'F' | N91: =IF(H91="Revisar","NULL",CONCATENATE("'",H91,"'")) -> 'MARACAIBO' | O91: =IF(I91="Revisar","NULL",CONCATENATE("'",I91,"'")) -> 'ZU' | P91: ="UPDATE estudiantes SET fecha_nacimiento="&L91&", sexo="&M91&", lugar_nacimiento="&N91&", entidad_federal="&O91&" WHERE cedula='"&K91&"';" -> UPDATE estudiantes SET fecha_nacimiento='2012-11-11', sexo='F', lugar_nacimiento='MARACAIBO', entidad_federal='ZU' WHERE cedula='11223753792';
... A129: 2025-2026 | B129: 1F | C129: D | D129: 011220508672 | E129: 45923 | F129: =IFERROR(VLOOKUP(TRIM($D129), Hoja4_2!$A$2:$L$10000, 4, 0), "Revisar") -> 41198 | G129: =IFERROR(VLOOKUP(TRIM($D129), Hoja4_2!$A$2:$L$10000, 5, 0), "Revisar") -> MASCULINO | H129: =IFERROR(VLOOKUP(TRIM($D129), Hoja4_2!$A$2:$L$10000, 7, 0), "Revisar") -> MARACAIBO | I129: =IFERROR(VLOOKUP(TRIM($D129), Hoja4_2!$A$2:$L$10000, 9, 0), "Revisar") -> ZU | J129: =IFERROR(VLOOKUP(TRIM($D129), Hoja4_2!$A$2:$L$10000, 12, 0), "Revisar") -> 20508672 | K129: =TEXT(TRIM(D129),"0") -> 11220508672 | L129: =IF(F129="Revisar","NULL",CONCATENATE("'",TEXT(F129,"yyyy-mm-dd"),"'")) -> '2012-10-16' | M129: =IF(G129="Revisar","NULL",CONCATENATE("'",MID(G129,1,1),"'")) -> 'M' | N129: =IF(H129="Revisar","NULL",CONCATENATE("'",H129,"'")) -> 'MARACAIBO' | O129: =IF(I129="Revisar","NULL",CONCATENATE("'",I129,"'")) -> 'ZU' | P129: ="UPDATE estudiantes SET fecha_nacimiento="&L129&", sexo="&M129&", lugar_nacimiento="&N129&", entidad_federal="&O129&" WHERE cedula='"&K129&"';" -> UPDATE estudiantes SET fecha_nacimiento='2012-10-16', sexo='M', lugar_nacimiento='MARACAIBO', entidad_federal='ZU' WHERE cedula='11220508672';
A130: 2025-2026 | B130: 1F | C130: D | D130: 011224249815 | E130: 46139 | F130: NULL | G130: NULL | H130: NULL | I130: NULL | J130: NULL | K130: =TEXT(TRIM(D130),"0") -> 11224249815 | L130: =IF(F130="Revisar","NULL",CONCATENATE("'",TEXT(F130,"yyyy-mm-dd"),"'")) -> 'NULL' | M130: =IF(G130="Revisar","NULL",CONCATENATE("'",MID(G130,1,1),"'")) -> 'N' | N130: =IF(H130="Revisar","NULL",CONCATENATE("'",H130,"'")) -> 'NULL' | O130: =IF(I130="Revisar","NULL",CONCATENATE("'",I130,"'")) -> 'NULL' | P130: ="UPDATE estudiantes SET fecha_nacimiento="&L130&", sexo="&M130&", lugar_nacimiento="&N130&", entidad_federal="&O130&" WHERE cedula='"&K130&"';" -> UPDATE estudiantes SET fecha_nacimiento='NULL', sexo='N', lugar_nacimiento='NULL', entidad_federal='NULL' WHERE cedula='11224249815';
A131: 2025-2026 | B131: 1F | C131: D | D131: 011317180079 | E131: 45923 | F131: =IFERROR(VLOOKUP(TRIM($D131), Hoja4_2!$A$2:$L$10000, 4, 0), "Revisar") -> 41339 | G131: =IFERROR(VLOOKUP(TRIM($D131), Hoja4_2!$A$2:$L$10000, 5, 0), "Revisar") -> MASCULINO | H131: =IFERROR(VLOOKUP(TRIM($D131), Hoja4_2!$A$2:$L$10000, 7, 0), "Revisar") -> MARACAIBO | I131: =IFERROR(VLOOKUP(TRIM($D131), Hoja4_2!$A$2:$L$10000, 9, 0), "Revisar") -> ZU | J131: =IFERROR(VLOOKUP(TRIM($D131), Hoja4_2!$A$2:$L$10000, 12, 0), "Revisar") -> 17180079 | K131: =TEXT(TRIM(D131),"0") -> 11317180079 | L131: =IF(F131="Revisar","NULL",CONCATENATE("'",TEXT(F131,"yyyy-mm-dd"),"'")) -> '2013-03-06' | M131: =IF(G131="Revisar","NULL",CONCATENATE("'",MID(G131,1,1),"'")) -> 'M' | N131: =IF(H131="Revisar","NULL",CONCATENATE("'",H131,"'")) -> 'MARACAIBO' | O131: =IF(I131="Revisar","NULL",CONCATENATE("'",I131,"'")) -> 'ZU' | P131: ="UPDATE estudiantes SET fecha_nacimiento="&L131&", sexo="&M131&", lugar_nacimiento="&N131&", entidad_federal="&O131&" WHERE cedula='"&K131&"';" -> UPDATE estudiantes SET fecha_nacimiento='2013-03-06', sexo='M', lugar_nacimiento='MARACAIBO', entidad_federal='ZU' WHERE cedula='11317180079';
A132: 2025-2026 | B132: 1F | C132: D | D132: 011318317900 | E132: 45923 | F132: =IFERROR(VLOOKUP(TRIM($D132), Hoja4_2!$A$2:$L$10000, 4, 0), "Revisar") -> 41499 | G132: =IFERROR(VLOOKUP(TRIM($D132), Hoja4_2!$A$2:$L$10000, 5, 0), "Revisar") -> MASCULINO | H132: =IFERROR(VLOOKUP(TRIM($D132), Hoja4_2!$A$2:$L$10000, 7, 0), "Revisar") -> MARACAIBO | I132: =IFERROR(VLOOKUP(TRIM($D132), Hoja4_2!$A$2:$L$10000, 9, 0), "Revisar") -> ZU | J132: =IFERROR(VLOOKUP(TRIM($D132), Hoja4_2!$A$2:$L$10000, 12, 0), "Revisar") -> 18317900 | K132: =TEXT(TRIM(D132),"0") -> 11318317900 | L132: =IF(F132="Revisar","NULL",CONCATENATE("'",TEXT(F132,"yyyy-mm-dd"),"'")) -> '2013-08-13' | M132: =IF(G132="Revisar","NULL",CONCATENATE("'",MID(G132,1,1),"'")) -> 'M' | N132: =IF(H132="Revisar","NULL",CONCATENATE("'",H132,"'")) -> 'MARACAIBO' | O132: =IF(I132="Revisar","NULL",CONCATENATE("'",I132,"'")) -> 'ZU' | P132: ="UPDATE estudiantes SET fecha_nacimiento="&L132&", sexo="&M132&", lugar_nacimiento="&N132&", entidad_federal="&O132&" WHERE cedula='"&K132&"';" -> UPDATE estudiantes SET fecha_nacimiento='2013-08-13', sexo='M', lugar_nacimiento='MARACAIBO', entidad_federal='ZU' WHERE cedula='11318317900';
A133: 2025-2026 | B133: 1F | C133: D | D133: 011321510341 | E133: 45923 | F133: =IFERROR(VLOOKUP(TRIM($D133), Hoja4_2!$A$2:$L$10000, 4, 0), "Revisar") -> 41499 | G133: =IFERROR(VLOOKUP(TRIM($D133), Hoja4_2!$A$2:$L$10000, 5, 0), "Revisar") -> FEMENINO | H133: =IFERROR(VLOOKUP(TRIM($D133), Hoja4_2!$A$2:$L$10000, 7, 0), "Revisar") -> MARACAIBO | I133: =IFERROR(VLOOKUP(TRIM($D133), Hoja4_2!$A$2:$L$10000, 9, 0), "Revisar") -> ZU | J133: =IFERROR(VLOOKUP(TRIM($D133), Hoja4_2!$A$2:$L$10000, 12, 0), "Revisar") -> 21510341 | K133: =TEXT(TRIM(D133),"0") -> 11321510341 | L133: =IF(F133="Revisar","NULL",CONCATENATE("'",TEXT(F133,"yyyy-mm-dd"),"'")) -> '2013-08-13' | M133: =IF(G133="Revisar","NULL",CONCATENATE("'",MID(G133,1,1),"'")) -> 'F' | N133: =IF(H133="Revisar","NULL",CONCATENATE("'",H133,"'")) -> 'MARACAIBO' | O133: =IF(I133="Revisar","NULL",CONCATENATE("'",I133,"'")) -> 'ZU' | P133: ="UPDATE estudiantes SET fecha_nacimiento="&L133&", sexo="&M133&", lugar_nacimiento="&N133&", entidad_federal="&O133&" WHERE cedula='"&K133&"';" -> UPDATE estudiantes SET fecha_nacimiento='2013-08-13', sexo='F', lugar_nacimiento='MARACAIBO', entidad_federal='ZU' WHERE cedula='11321510341';
A134: 2025-2026 | B134: 1F | C134: D | D134: 011323460028 | E134: 45923 | F134: =IFERROR(VLOOKUP(TRIM($D134), Hoja4_2!$A$2:$L$10000, 4, 0), "Revisar") -> 41426 | G134: =IFERROR(VLOOKUP(TRIM($D134), Hoja4_2!$A$2:$L$10000, 5, 0), "Revisar") -> FEMENINO | H134: =IFERROR(VLOOKUP(TRIM($D134), Hoja4_2!$A$2:$L$10000, 7, 0), "Revisar") -> JESUS ENRIQUE LOSSADA | I134: =IFERROR(VLOOKUP(TRIM($D134), Hoja4_2!$A$2:$L$10000, 9, 0), "Revisar") -> ZU | J134: =IFERROR(VLOOKUP(TRIM($D134), Hoja4_2!$A$2:$L$10000, 12, 0), "Revisar") -> 23460028 | K134: =TEXT(TRIM(D134),"0") -> 11323460028 | L134: =IF(F134="Revisar","NULL",CONCATENATE("'",TEXT(F134,"yyyy-mm-dd"),"'")) -> '2013-06-01' | M134: =IF(G134="Revisar","NULL",CONCATENATE("'",MID(G134,1,1),"'")) -> 'F' | N134: =IF(H134="Revisar","NULL",CONCATENATE("'",H134,"'")) -> 'JESUS ENRIQUE LOSSADA' | O134: =IF(I134="Revisar","NULL",CONCATENATE("'",I134,"'")) -> 'ZU' | P134: ="UPDATE estudiantes SET fecha_nacimiento="&L134&", sexo="&M134&", lugar_nacimiento="&N134&", entidad_federal="&O134&" WHERE cedula='"&K134&"';" -> UPDATE estudiantes SET fecha_nacimiento='2013-06-01', sexo='F', lugar_nacimiento='JESUS ENRIQUE LOSSADA', entidad_federal='ZU' WHERE cedula='11323460028';
A135: 2025-2026 | B135: 1F | C135: D | D135: 011419811519 | E135: 45923 | F135: =IFERROR(VLOOKUP(TRIM($D135), Hoja4_2!$A$2:$L$10000, 4, 0), "Revisar") -> 41722 | G135: =IFERROR(VLOOKUP(TRIM($D135), Hoja4_2!$A$2:$L$10000, 5, 0), "Revisar") -> MASCULINO | H135: =IFERROR(VLOOKUP(TRIM($D135), Hoja4_2!$A$2:$L$10000, 7, 0), "Revisar") -> SANFRANCISCO | I135: =IFERROR(VLOOKUP(TRIM($D135), Hoja4_2!$A$2:$L$10000, 9, 0), "Revisar") -> ZU | J135: =IFERROR(VLOOKUP(TRIM($D135), Hoja4_2!$A$2:$L$10000, 12, 0), "Revisar") -> 17938286 | K135: =TEXT(TRIM(D135),"0") -> 11419811519 | L135: =IF(F135="Revisar","NULL",CONCATENATE("'",TEXT(F135,"yyyy-mm-dd"),"'")) -> '2014-03-24' | M135: =IF(G135="Revisar","NULL",CONCATENATE("'",MID(G135,1,1),"'")) -> 'M' | N135: =IF(H135="Revisar","NULL",CONCATENATE("'",H135,"'")) -> 'SANFRANCISCO' | O135: =IF(I135="Revisar","NULL",CONCATENATE("'",I135,"'")) -> 'ZU' | P135: ="UPDATE estudiantes SET fecha_nacimiento="&L135&", sexo="&M135&", lugar_nacimiento="&N135&", entidad_federal="&O135&" WHERE cedula='"&K135&"';" -> UPDATE estudiantes SET fecha_nacimiento='2014-03-24', sexo='M', lugar_nacimiento='SANFRANCISCO', entidad_federal='ZU' WHERE cedula='11419811519';
A136: 2025-2026 | B136: 1F | C136: D | D136: 011421228588 | E136: 45923 | F136: =IFERROR(VLOOKUP(TRIM($D136), Hoja4_2!$A$2:$L$10000, 4, 0), "Revisar") -> 41689 | G136: =IFERROR(VLOOKUP(TRIM($D136), Hoja4_2!$A$2:$L$10000, 5, 0), "Revisar") -> MASCULINO | H136: =IFERROR(VLOOKUP(TRIM($D136), Hoja4_2!$A$2:$L$10000, 7, 0), "Revisar") -> MARACAIBO | I136: =IFERROR(VLOOKUP(TRIM($D136), Hoja4_2!$A$2:$L$10000, 9, 0), "Revisar") -> ZU | J136: =IFERROR(VLOOKUP(TRIM($D136), Hoja4_2!$A$2:$L$10000, 12, 0), "Revisar") -> 21228588 | K136: =TEXT(TRIM(D136),"0") -> 11421228588 | L136: =IF(F136="Revisar","NULL",CONCATENATE("'",TEXT(F136,"yyyy-mm-dd"),"'")) -> '2014-02-19' | M136: =IF(G136="Revisar","NULL",CONCATENATE("'",MID(G136,1,1),"'")) -> 'M' | N136: =IF(H136="Revisar","NULL",CONCATENATE("'",H136,"'")) -> 'MARACAIBO' | O136: =IF(I136="Revisar","NULL",CONCATENATE("'",I136,"'")) -> 'ZU' | P136: ="UPDATE estudiantes SET fecha_nacimiento="&L136&", sexo="&M136&", lugar_nacimiento="&N136&", entidad_federal="&O136&" WHERE cedula='"&K136&"';" -> UPDATE estudiantes SET fecha_nacimiento='2014-02-19', sexo='M', lugar_nacimiento='MARACAIBO', entidad_federal='ZU' WHERE cedula='11421228588';
A137: 2025-2026 | B137: 1F | C137: D | D137: 011425883890 | E137: 45923 | F137: =IFERROR(VLOOKUP(TRIM($D137), Hoja4_2!$A$2:$L$10000, 4, 0), "Revisar") -> 41830 | G137: =IFERROR(VLOOKUP(TRIM($D137), Hoja4_2!$A$2:$L$10000, 5, 0), "Revisar") -> MASCULINO | H137: =IFERROR(VLOOKUP(TRIM($D137), Hoja4_2!$A$2:$L$10000, 7, 0), "Revisar") -> MARACAIBO | I137: =IFERROR(VLOOKUP(TRIM($D137), Hoja4_2!$A$2:$L$10000, 9, 0), "Revisar") -> ZU | J137: =IFERROR(VLOOKUP(TRIM($D137), Hoja4_2!$A$2:$L$10000, 12, 0), "Revisar") -> 25883890 | K137: =TEXT(TRIM(D137),"0") -> 11425883890 | L137: =IF(F137="Revisar","NULL",CONCATENATE("'",TEXT(F137,"yyyy-mm-dd"),"'")) -> '2014-07-10' | M137: =IF(G137="Revisar","NULL",CONCATENATE("'",MID(G137,1,1),"'")) -> 'M' | N137: =IF(H137="Revisar","NULL",CONCATENATE("'",H137,"'")) -> 'MARACAIBO' | O137: =IF(I137="Revisar","NULL",CONCATENATE("'",I137,"'")) -> 'ZU' | P137: ="UPDATE estudiantes SET fecha_nacimiento="&L137&", sexo="&M137&", lugar_nacimiento="&N137&", entidad_federal="&O137&" WHERE cedula='"&K137&"';" -> UPDATE estudiantes SET fecha_nacimiento='2014-07-10', sexo='M', lugar_nacimiento='MARACAIBO', entidad_federal='ZU' WHERE cedula='11425883890';
A138: 2025-2026 | B138: 1F | C138: D | D138: 011517938286 | E138: 45923 | F138: =IFERROR(VLOOKUP(TRIM($D138), Hoja4_2!$A$2:$L$10000, 4, 0), "Revisar") -> 42083 | G138: =IFERROR(VLOOKUP(TRIM($D138), Hoja4_2!$A$2:$L$10000, 5, 0), "Revisar") -> FEMENINO | H138: =IFERROR(VLOOKUP(TRIM($D138), Hoja4_2!$A$2:$L$10000, 7, 0), "Revisar") -> MARACAIBO | I138: =IFERROR(VLOOKUP(TRIM($D138), Hoja4_2!$A$2:$L$10000, 9, 0), "Revisar") -> ZU | J138: =IFERROR(VLOOKUP(TRIM($D138), Hoja4_2!$A$2:$L$10000, 12, 0), "Revisar") -> 17938286 | K138: =TEXT(TRIM(D138),"0") -> 11517938286 | L138: =IF(F138="Revisar","NULL",CONCATENATE("'",TEXT(F138,"yyyy-mm-dd"),"'")) -> '2015-03-20' | M138: =IF(G138="Revisar","NULL",CONCATENATE("'",MID(G138,1,1),"'")) -> 'F' | N138: =IF(H138="Revisar","NULL",CONCATENATE("'",H138,"'")) -> 'MARACAIBO' | O138: =IF(I138="Revisar","NULL",CONCATENATE("'",I138,"'")) -> 'ZU' | P138: ="UPDATE estudiantes SET fecha_nacimiento="&L138&", sexo="&M138&", lugar_nacimiento="&N138&", entidad_federal="&O138&" WHERE cedula='"&K138&"';" -> UPDATE estudiantes SET fecha_nacimiento='2015-03-20', sexo='F', lugar_nacimiento='MARACAIBO', entidad_federal='ZU' WHERE cedula='11517938286';
A139: 2025-2026 | B139: 1F | C139: E | D139: 000034534055 | E139: 45923 | F139: =IFERROR(VLOOKUP(TRIM($D139), Hoja4_2!$A$2:$L$10000, 4, 0), "Revisar") -> 40409 | G139: =IFERROR(VLOOKUP(TRIM($D139), Hoja4_2!$A$2:$L$10000, 5, 0), "Revisar") -> MASCULINO | H139: =IFERROR(VLOOKUP(TRIM($D139), Hoja4_2!$A$2:$L$10000, 7, 0), "Revisar") -> MARACAIBO | I139: =IFERROR(VLOOKUP(TRIM($D139), Hoja4_2!$A$2:$L$10000, 9, 0), "Revisar") -> ZU | J139: =IFERROR(VLOOKUP(TRIM($D139), Hoja4_2!$A$2:$L$10000, 12, 0), "Revisar") -> 19016978 | K139: =TEXT(TRIM(D139),"0") -> 34534055 | L139: =IF(F139="Revisar","NULL",CONCATENATE("'",TEXT(F139,"yyyy-mm-dd"),"'")) -> '2010-08-19' | M139: =IF(G139="Revisar","NULL",CONCATENATE("'",MID(G139,1,1),"'")) -> 'M' | N139: =IF(H139="Revisar","NULL",CONCATENATE("'",H139,"'")) -> 'MARACAIBO' | O139: =IF(I139="Revisar","NULL",CONCATENATE("'",I139,"'")) -> 'ZU' | P139: ="UPDATE estudiantes SET fecha_nacimiento="&L139&", sexo="&M139&", lugar_nacimiento="&N139&", entidad_federal="&O139&" WHERE cedula='"&K139&"';" -> UPDATE estudiantes SET fecha_nacimiento='2010-08-19', sexo='M', lugar_nacimiento='MARACAIBO', entidad_federal='ZU' WHERE cedula='34534055';
A140: 2025-2026 | B140: 1F | C140: E | D140: 000034565898 | E140: 45923 | F140: =IFERROR(VLOOKUP(TRIM($D140), Hoja4_2!$A$2:$L$10000, 4, 0), "Revisar") -> 41166 | G140: =IFERROR(VLOOKUP(TRIM($D140), Hoja4_2!$A$2:$L$10000, 5, 0), "Revisar") -> MASCULINO | H140: =IFERROR(VLOOKUP(TRIM($D140), Hoja4_2!$A$2:$L$10000, 7, 0), "Revisar") -> JESUS ENRIQUE LOSSADA | I140: =IFERROR(VLOOKUP(TRIM($D140), Hoja4_2!$A$2:$L$10000, 9, 0), "Revisar") -> ZU | J140: =IFERROR(VLOOKUP(TRIM($D140), Hoja4_2!$A$2:$L$10000, 12, 0), "Revisar") -> 19450653 | K140: =TEXT(TRIM(D140),"0") -> 34565898 | L140: =IF(F140="Revisar","NULL",CONCATENATE("'",TEXT(F140,"yyyy-mm-dd"),"'")) -> '2012-09-14' | M140: =IF(G140="Revisar","NULL",CONCATENATE("'",MID(G140,1,1),"'")) -> 'M' | N140: =IF(H140="Revisar","NULL",CONCATENATE("'",H140,"'")) -> 'JESUS ENRIQUE LOSSADA' | O140: =IF(I140="Revisar","NULL",CONCATENATE("'",I140,"'")) -> 'ZU' | P140: ="UPDATE estudiantes SET fecha_nacimiento="&L140&", sexo="&M140&", lugar_nacimiento="&N140&", entidad_federal="&O140&" WHERE cedula='"&K140&"';" -> UPDATE estudiantes SET fecha_nacimiento='2012-09-14', sexo='M', lugar_nacimiento='JESUS ENRIQUE LOSSADA', entidad_federal='ZU' WHERE cedula='34565898';
A141: 2025-2026 | B141: 1F | C141: E | D141: 000035116976 | E141: 45923 | F141: =IFERROR(VLOOKUP(TRIM($D141), Hoja4_2!$A$2:$L$10000, 4, 0), "Revisar") -> 41593 | G141: =IFERROR(VLOOKUP(TRIM($D141), Hoja4_2!$A$2:$L$10000, 5, 0), "Revisar") -> MASCULINO | H141: =IFERROR(VLOOKUP(TRIM($D141), Hoja4_2!$A$2:$L$10000, 7, 0), "Revisar") -> MARACAIBO | I141: =IFERROR(VLOOKUP(TRIM($D141), Hoja4_2!$A$2:$L$10000, 9, 0), "Revisar") -> ZU | J141: =IFERROR(VLOOKUP(TRIM($D141), Hoja4_2!$A$2:$L$10000, 12, 0), "Revisar") -> 14737904 | K141: =TEXT(TRIM(D141),"0") -> 35116976 | L141: =IF(F141="Revisar","NULL",CONCATENATE("'",TEXT(F141,"yyyy-mm-dd"),"'")) -> '2013-11-15' | M141: =IF(G141="Revisar","NULL",CONCATENATE("'",MID(G141,1,1),"'")) -> 'M' | N141: =IF(H141="Revisar","NULL",CONCATENATE("'",H141,"'")) -> 'MARACAIBO' | O141: =IF(I141="Revisar","NULL",CONCATENATE("'",I141,"'")) -> 'ZU' | P141: ="UPDATE estudiantes SET fecha_nacimiento="&L141&", sexo="&M141&", lugar_nacimiento="&N141&", entidad_federal="&O141&" WHERE cedula='"&K141&"';" -> UPDATE estudiantes SET fecha_nacimiento='2013-11-15', sexo='M', lugar_nacimiento='MARACAIBO', entidad_federal='ZU' WHERE cedula='35116976';
A142: 2025-2026 | B142: 1F | C142: E | D142: 000036559655 | E142: 45925 | F142: =IFERROR(VLOOKUP(TRIM($D142), Hoja4_2!$A$2:$L$10000, 4, 0), "Revisar") -> 40480 | G142: =IFERROR(VLOOKUP(TRIM($D142), Hoja4_2!$A$2:$L$10000, 5, 0), "Revisar") -> MASCULINO | H142: =IFERROR(VLOOKUP(TRIM($D142), Hoja4_2!$A$2:$L$10000, 7, 0), "Revisar") -> JESUS ENRIQUE LOSSADA | I142: =IFERROR(VLOOKUP(TRIM($D142), Hoja4_2!$A$2:$L$10000, 9, 0), "Revisar") -> ZU | J142: =IFERROR(VLOOKUP(TRIM($D142), Hoja4_2!$A$2:$L$10000, 12, 0), "Revisar") -> 24250404 | K142: =TEXT(TRIM(D142),"0") -> 36559655 | L142: =IF(F142="Revisar","NULL",CONCATENATE("'",TEXT(F142,"yyyy-mm-dd"),"'")) -> '2010-10-29' | M142: =IF(G142="Revisar","NULL",CONCATENATE("'",MID(G142,1,1),"'")) -> 'M' | N142: =IF(H142="Revisar","NULL",CONCATENATE("'",H142,"'")) -> 'JESUS ENRIQUE LOSSADA' | O142: =IF(I142="Revisar","NULL",CONCATENATE("'",I142,"'")) -> 'ZU' | P142: ="UPDATE estudiantes SET fecha_nacimiento="&L142&", sexo="&M142&", lugar_nacimiento="&N142&", entidad_federal="&O142&" WHERE cedula='"&K142&"';" -> UPDATE estudiantes SET fecha_nacimiento='2010-10-29', sexo='M', lugar_nacimiento='JESUS ENRIQUE LOSSADA', entidad_federal='ZU' WHERE cedula='36559655';
... A153: 2025-2026 | B153: 1F | C153: E | D153: 000037350989 | E153: 45923 | F153: =IFERROR(VLOOKUP(TRIM($D153), Hoja4_2!$A$2:$L$10000, 4, 0), "Revisar") -> 41680 | G153: =IFERROR(VLOOKUP(TRIM($D153), Hoja4_2!$A$2:$L$10000, 5, 0), "Revisar") -> FEMENINO | H153: =IFERROR(VLOOKUP(TRIM($D153), Hoja4_2!$A$2:$L$10000, 7, 0), "Revisar") -> JESUS ENRIQUE LOSSADA | I153: =IFERROR(VLOOKUP(TRIM($D153), Hoja4_2!$A$2:$L$10000, 9, 0), "Revisar") -> ZU | J153: =IFERROR(VLOOKUP(TRIM($D153), Hoja4_2!$A$2:$L$10000, 12, 0), "Revisar") -> 13974823 | K153: =TEXT(TRIM(D153),"0") -> 37350989 | L153: =IF(F153="Revisar","NULL",CONCATENATE("'",TEXT(F153,"yyyy-mm-dd"),"'")) -> '2014-02-10' | M153: =IF(G153="Revisar","NULL",CONCATENATE("'",MID(G153,1,1),"'")) -> 'F' | N153: =IF(H153="Revisar","NULL",CONCATENATE("'",H153,"'")) -> 'JESUS ENRIQUE LOSSADA' | O153: =IF(I153="Revisar","NULL",CONCATENATE("'",I153,"'")) -> 'ZU' | P153: ="UPDATE estudiantes SET fecha_nacimiento="&L153&", sexo="&M153&", lugar_nacimiento="&N153&", entidad_federal="&O153&" WHERE cedula='"&K153&"';" -> UPDATE estudiantes SET fecha_nacimiento='2014-02-10', sexo='F', lugar_nacimiento='JESUS ENRIQUE LOSSADA', entidad_federal='ZU' WHERE cedula='37350989';
A154: 2025-2026 | B154: 1F | C154: E | D154: 011120508575 | E154: 46119 | F154: NULL | G154: NULL | H154: NULL | I154: NULL | J154: NULL | K154: =TEXT(TRIM(D154),"0") -> 11120508575 | L154: =IF(F154="Revisar","NULL",CONCATENATE("'",TEXT(F154,"yyyy-mm-dd"),"'")) -> 'NULL' | M154: =IF(G154="Revisar","NULL",CONCATENATE("'",MID(G154,1,1),"'")) -> 'N' | N154: =IF(H154="Revisar","NULL",CONCATENATE("'",H154,"'")) -> 'NULL' | O154: =IF(I154="Revisar","NULL",CONCATENATE("'",I154,"'")) -> 'NULL' | P154: ="UPDATE estudiantes SET fecha_nacimiento="&L154&", sexo="&M154&", lugar_nacimiento="&N154&", entidad_federal="&O154&" WHERE cedula='"&K154&"';" -> UPDATE estudiantes SET fecha_nacimiento='NULL', sexo='N', lugar_nacimiento='NULL', entidad_federal='NULL' WHERE cedula='11120508575';
A155: 2025-2026 | B155: 1F | C155: E | D155: 011120834480 | E155: 45923 | F155: =IFERROR(VLOOKUP(TRIM($D155), Hoja4_2!$A$2:$L$10000, 4, 0), "Revisar") -> 40597 | G155: =IFERROR(VLOOKUP(TRIM($D155), Hoja4_2!$A$2:$L$10000, 5, 0), "Revisar") -> MASCULINO | H155: =IFERROR(VLOOKUP(TRIM($D155), Hoja4_2!$A$2:$L$10000, 7, 0), "Revisar") -> MARACAIBO | I155: =IFERROR(VLOOKUP(TRIM($D155), Hoja4_2!$A$2:$L$10000, 9, 0), "Revisar") -> ZU | J155: =IFERROR(VLOOKUP(TRIM($D155), Hoja4_2!$A$2:$L$10000, 12, 0), "Revisar") -> 20834480 | K155: =TEXT(TRIM(D155),"0") -> 11120834480 | L155: =IF(F155="Revisar","NULL",CONCATENATE("'",TEXT(F155,"yyyy-mm-dd"),"'")) -> '2011-02-23' | M155: =IF(G155="Revisar","NULL",CONCATENATE("'",MID(G155,1,1),"'")) -> 'M' | N155: =IF(H155="Revisar","NULL",CONCATENATE("'",H155,"'")) -> 'MARACAIBO' | O155: =IF(I155="Revisar","NULL",CONCATENATE("'",I155,"'")) -> 'ZU' | P155: ="UPDATE estudiantes SET fecha_nacimiento="&L155&", sexo="&M155&", lugar_nacimiento="&N155&", entidad_federal="&O155&" WHERE cedula='"&K155&"';" -> UPDATE estudiantes SET fecha_nacimiento='2011-02-23', sexo='M', lugar_nacimiento='MARACAIBO', entidad_federal='ZU' WHERE cedula='11120834480';
A156: 2025-2026 | B156: 1F | C156: E | D156: 011123769891 | E156: 46133 | F156: =IFERROR(VLOOKUP(TRIM($D156), Hoja4_2!$A$2:$L$10000, 4, 0), "Revisar") -> 40903 | G156: =IFERROR(VLOOKUP(TRIM($D156), Hoja4_2!$A$2:$L$10000, 5, 0), "Revisar") -> MASCULINO | H156: =IFERROR(VLOOKUP(TRIM($D156), Hoja4_2!$A$2:$L$10000, 7, 0), "Revisar") -> SAN FRANCISCO | I156: =IFERROR(VLOOKUP(TRIM($D156), Hoja4_2!$A$2:$L$10000, 9, 0), "Revisar") -> ZU | J156: =IFERROR(VLOOKUP(TRIM($D156), Hoja4_2!$A$2:$L$10000, 12, 0), "Revisar") -> 23769891 | K156: =TEXT(TRIM(D156),"0") -> 11123769891 | L156: =IF(F156="Revisar","NULL",CONCATENATE("'",TEXT(F156,"yyyy-mm-dd"),"'")) -> '2011-12-26' | M156: =IF(G156="Revisar","NULL",CONCATENATE("'",MID(G156,1,1),"'")) -> 'M' | N156: =IF(H156="Revisar","NULL",CONCATENATE("'",H156,"'")) -> 'SAN FRANCISCO' | O156: =IF(I156="Revisar","NULL",CONCATENATE("'",I156,"'")) -> 'ZU' | P156: ="UPDATE estudiantes SET fecha_nacimiento="&L156&", sexo="&M156&", lugar_nacimiento="&N156&", entidad_federal="&O156&" WHERE cedula='"&K156&"';" -> UPDATE estudiantes SET fecha_nacimiento='2011-12-26', sexo='M', lugar_nacimiento='SAN FRANCISCO', entidad_federal='ZU' WHERE cedula='11123769891';
A157: 2025-2026 | B157: 1F | C157: E | D157: 011223466542 | E157: 45953 | F157: =IFERROR(VLOOKUP(TRIM($D157), Hoja4_2!$A$2:$L$10000, 4, 0), "Revisar") -> 41218 | G157: =IFERROR(VLOOKUP(TRIM($D157), Hoja4_2!$A$2:$L$10000, 5, 0), "Revisar") -> FEMENINO | H157: =IFERROR(VLOOKUP(TRIM($D157), Hoja4_2!$A$2:$L$10000, 7, 0), "Revisar") -> MARA | I157: =IFERROR(VLOOKUP(TRIM($D157), Hoja4_2!$A$2:$L$10000, 9, 0), "Revisar") -> ZU | J157: =IFERROR(VLOOKUP(TRIM($D157), Hoja4_2!$A$2:$L$10000, 12, 0), "Revisar") -> 23466542 | K157: =TEXT(TRIM(D157),"0") -> 11223466542 | L157: =IF(F157="Revisar","NULL",CONCATENATE("'",TEXT(F157,"yyyy-mm-dd"),"'")) -> '2012-11-05' | M157: =IF(G157="Revisar","NULL",CONCATENATE("'",MID(G157,1,1),"'")) -> 'F' | N157: =IF(H157="Revisar","NULL",CONCATENATE("'",H157,"'")) -> 'MARA' | O157: =IF(I157="Revisar","NULL",CONCATENATE("'",I157,"'")) -> 'ZU' | P157: ="UPDATE estudiantes SET fecha_nacimiento="&L157&", sexo="&M157&", lugar_nacimiento="&N157&", entidad_federal="&O157&" WHERE cedula='"&K157&"';" -> UPDATE estudiantes SET fecha_nacimiento='2012-11-05', sexo='F', lugar_nacimiento='MARA', entidad_federal='ZU' WHERE cedula='11223466542';
A158: 2025-2026 | B158: 1F | C158: E | D158: 011225855310 | E158: 45923 | F158: =IFERROR(VLOOKUP(TRIM($D158), Hoja4_2!$A$2:$L$10000, 4, 0), "Revisar") -> 40938 | G158: =IFERROR(VLOOKUP(TRIM($D158), Hoja4_2!$A$2:$L$10000, 5, 0), "Revisar") -> MASCULINO | H158: =IFERROR(VLOOKUP(TRIM($D158), Hoja4_2!$A$2:$L$10000, 7, 0), "Revisar") -> JESUS ENRIQUE LOSSADA | I158: =IFERROR(VLOOKUP(TRIM($D158), Hoja4_2!$A$2:$L$10000, 9, 0), "Revisar") -> ZU | J158: =IFERROR(VLOOKUP(TRIM($D158), Hoja4_2!$A$2:$L$10000, 12, 0), "Revisar") -> 25855310 | K158: =TEXT(TRIM(D158),"0") -> 11225855310 | L158: =IF(F158="Revisar","NULL",CONCATENATE("'",TEXT(F158,"yyyy-mm-dd"),"'")) -> '2012-01-30' | M158: =IF(G158="Revisar","NULL",CONCATENATE("'",MID(G158,1,1),"'")) -> 'M' | N158: =IF(H158="Revisar","NULL",CONCATENATE("'",H158,"'")) -> 'JESUS ENRIQUE LOSSADA' | O158: =IF(I158="Revisar","NULL",CONCATENATE("'",I158,"'")) -> 'ZU' | P158: ="UPDATE estudiantes SET fecha_nacimiento="&L158&", sexo="&M158&", lugar_nacimiento="&N158&", entidad_federal="&O158&" WHERE cedula='"&K158&"';" -> UPDATE estudiantes SET fecha_nacimiento='2012-01-30', sexo='M', lugar_nacimiento='JESUS ENRIQUE LOSSADA', entidad_federal='ZU' WHERE cedula='11225855310';
A159: 2025-2026 | B159: 1F | C159: E | D159: 011226169780 | E159: 45923 | F159: =IFERROR(VLOOKUP(TRIM($D159), Hoja4_2!$A$2:$L$10000, 4, 0), "Revisar") -> 41177 | G159: =IFERROR(VLOOKUP(TRIM($D159), Hoja4_2!$A$2:$L$10000, 5, 0), "Revisar") -> MASCULINO | H159: =IFERROR(VLOOKUP(TRIM($D159), Hoja4_2!$A$2:$L$10000, 7, 0), "Revisar") -> MARACAIBO | I159: =IFERROR(VLOOKUP(TRIM($D159), Hoja4_2!$A$2:$L$10000, 9, 0), "Revisar") -> ZU | J159: =IFERROR(VLOOKUP(TRIM($D159), Hoja4_2!$A$2:$L$10000, 12, 0), "Revisar") -> 10414944 | K159: =TEXT(TRIM(D159),"0") -> 11226169780 | L159: =IF(F159="Revisar","NULL",CONCATENATE("'",TEXT(F159,"yyyy-mm-dd"),"'")) -> '2012-09-25' | M159: =IF(G159="Revisar","NULL",CONCATENATE("'",MID(G159,1,1),"'")) -> 'M' | N159: =IF(H159="Revisar","NULL",CONCATENATE("'",H159,"'")) -> 'MARACAIBO' | O159: =IF(I159="Revisar","NULL",CONCATENATE("'",I159,"'")) -> 'ZU' | P159: ="UPDATE estudiantes SET fecha_nacimiento="&L159&", sexo="&M159&", lugar_nacimiento="&N159&", entidad_federal="&O159&" WHERE cedula='"&K159&"';" -> UPDATE estudiantes SET fecha_nacimiento='2012-09-25', sexo='M', lugar_nacimiento='MARACAIBO', entidad_federal='ZU' WHERE cedula='11226169780';
A160: 2025-2026 | B160: 1F | C160: E | D160: 011315261741 | E160: 45923 | F160: =IFERROR(VLOOKUP(TRIM($D160), Hoja4_2!$A$2:$L$10000, 4, 0), "Revisar") -> 41276 | G160: =IFERROR(VLOOKUP(TRIM($D160), Hoja4_2!$A$2:$L$10000, 5, 0), "Revisar") -> FEMENINO | H160: =IFERROR(VLOOKUP(TRIM($D160), Hoja4_2!$A$2:$L$10000, 7, 0), "Revisar") -> MARACAIBO | I160: =IFERROR(VLOOKUP(TRIM($D160), Hoja4_2!$A$2:$L$10000, 9, 0), "Revisar") -> ZU | J160: =IFERROR(VLOOKUP(TRIM($D160), Hoja4_2!$A$2:$L$10000, 12, 0), "Revisar") -> 15261741 | K160: =TEXT(TRIM(D160),"0") -> 11315261741 | L160: =IF(F160="Revisar","NULL",CONCATENATE("'",TEXT(F160,"yyyy-mm-dd"),"'")) -> '2013-01-02' | M160: =IF(G160="Revisar","NULL",CONCATENATE("'",MID(G160,1,1),"'")) -> 'F' | N160: =IF(H160="Revisar","NULL",CONCATENATE("'",H160,"'")) -> 'MARACAIBO' | O160: =IF(I160="Revisar","NULL",CONCATENATE("'",I160,"'")) -> 'ZU' | P160: ="UPDATE estudiantes SET fecha_nacimiento="&L160&", sexo="&M160&", lugar_nacimiento="&N160&", entidad_federal="&O160&" WHERE cedula='"&K160&"';" -> UPDATE estudiantes SET fecha_nacimiento='2013-01-02', sexo='F', lugar_nacimiento='MARACAIBO', entidad_federal='ZU' WHERE cedula='11315261741';
A161: 2025-2026 | B161: 1F | C161: E | D161: 011317416591 | E161: 45923 | F161: =IFERROR(VLOOKUP(TRIM($D161), Hoja4_2!$A$2:$L$10000, 4, 0), "Revisar") -> 41620 | G161: =IFERROR(VLOOKUP(TRIM($D161), Hoja4_2!$A$2:$L$10000, 5, 0), "Revisar") -> MASCULINO | H161: =IFERROR(VLOOKUP(TRIM($D161), Hoja4_2!$A$2:$L$10000, 7, 0), "Revisar") -> MARACAIBO | I161: =IFERROR(VLOOKUP(TRIM($D161), Hoja4_2!$A$2:$L$10000, 9, 0), "Revisar") -> ZU | J161: =IFERROR(VLOOKUP(TRIM($D161), Hoja4_2!$A$2:$L$10000, 12, 0), "Revisar") -> 17416591 | K161: =TEXT(TRIM(D161),"0") -> 11317416591 | L161: =IF(F161="Revisar","NULL",CONCATENATE("'",TEXT(F161,"yyyy-mm-dd"),"'")) -> '2013-12-12' | M161: =IF(G161="Revisar","NULL",CONCATENATE("'",MID(G161,1,1),"'")) -> 'M' | N161: =IF(H161="Revisar","NULL",CONCATENATE("'",H161,"'")) -> 'MARACAIBO' | O161: =IF(I161="Revisar","NULL",CONCATENATE("'",I161,"'")) -> 'ZU' | P161: ="UPDATE estudiantes SET fecha_nacimiento="&L161&", sexo="&M161&", lugar_nacimiento="&N161&", entidad_federal="&O161&" WHERE cedula='"&K161&"';" -> UPDATE estudiantes SET fecha_nacimiento='2013-12-12', sexo='M', lugar_nacimiento='MARACAIBO', entidad_federal='ZU' WHERE cedula='11317416591';
A162: 2025-2026 | B162: 1F | C162: E | D162: 011319811048 | E162: 45923 | F162: =IFERROR(VLOOKUP(TRIM($D162), Hoja4_2!$A$2:$L$10000, 4, 0), "Revisar") -> 41517 | G162: =IFERROR(VLOOKUP(TRIM($D162), Hoja4_2!$A$2:$L$10000, 5, 0), "Revisar") -> MASCULINO | H162: =IFERROR(VLOOKUP(TRIM($D162), Hoja4_2!$A$2:$L$10000, 7, 0), "Revisar") -> MARACAIBO | I162: =IFERROR(VLOOKUP(TRIM($D162), Hoja4_2!$A$2:$L$10000, 9, 0), "Revisar") -> ZU | J162: =IFERROR(VLOOKUP(TRIM($D162), Hoja4_2!$A$2:$L$10000, 12, 0), "Revisar") -> 19811180 | K162: =TEXT(TRIM(D162),"0") -> 11319811048 | L162: =IF(F162="Revisar","NULL",CONCATENATE("'",TEXT(F162,"yyyy-mm-dd"),"'")) -> '2013-08-31' | M162: =IF(G162="Revisar","NULL",CONCATENATE("'",MID(G162,1,1),"'")) -> 'M' | N162: =IF(H162="Revisar","NULL",CONCATENATE("'",H162,"'")) -> 'MARACAIBO' | O162: =IF(I162="Revisar","NULL",CONCATENATE("'",I162,"'")) -> 'ZU' | P162: ="UPDATE estudiantes SET fecha_nacimiento="&L162&", sexo="&M162&", lugar_nacimiento="&N162&", entidad_federal="&O162&" WHERE cedula='"&K162&"';" -> UPDATE estudiantes SET fecha_nacimiento='2013-08-31', sexo='M', lugar_nacimiento='MARACAIBO', entidad_federal='ZU' WHERE cedula='11319811048';
A163: 2025-2026 | B163: 1F | C163: E | D163: 011321037559 | E163: 45923 | F163: =IFERROR(VLOOKUP(TRIM($D163), Hoja4_2!$A$2:$L$10000, 4, 0), "Revisar") -> 41502 | G163: =IFERROR(VLOOKUP(TRIM($D163), Hoja4_2!$A$2:$L$10000, 5, 0), "Revisar") -> FEMENINO | H163: =IFERROR(VLOOKUP(TRIM($D163), Hoja4_2!$A$2:$L$10000, 7, 0), "Revisar") -> JESUS ENRIQUE LOSSDA | I163: =IFERROR(VLOOKUP(TRIM($D163), Hoja4_2!$A$2:$L$10000, 9, 0), "Revisar") -> ZU | J163: =IFERROR(VLOOKUP(TRIM($D163), Hoja4_2!$A$2:$L$10000, 12, 0), "Revisar") -> 21037559 | K163: =TEXT(TRIM(D163),"0") -> 11321037559 | L163: =IF(F163="Revisar","NULL",CONCATENATE("'",TEXT(F163,"yyyy-mm-dd"),"'")) -> '2013-08-16' | M163: =IF(G163="Revisar","NULL",CONCATENATE("'",MID(G163,1,1),"'")) -> 'F' | N163: =IF(H163="Revisar","NULL",CONCATENATE("'",H163,"'")) -> 'JESUS ENRIQUE LOSSDA' | O163: =IF(I163="Revisar","NULL",CONCATENATE("'",I163,"'")) -> 'ZU' | P163: ="UPDATE estudiantes SET fecha_nacimiento="&L163&", sexo="&M163&", lugar_nacimiento="&N163&", entidad_federal="&O163&" WHERE cedula='"&K163&"';" -> UPDATE estudiantes SET fecha_nacimiento='2013-08-16', sexo='F', lugar_nacimiento='JESUS ENRIQUE LOSSDA', entidad_federal='ZU' WHERE cedula='11321037559';
A164: 2025-2026 | B164: 1F | C164: E | D164: 011323466502 | E164: 45923 | F164: =IFERROR(VLOOKUP(TRIM($D164), Hoja4_2!$A$2:$L$10000, 4, 0), "Revisar") -> 41398 | G164: =IFERROR(VLOOKUP(TRIM($D164), Hoja4_2!$A$2:$L$10000, 5, 0), "Revisar") -> FEMENINO | H164: =IFERROR(VLOOKUP(TRIM($D164), Hoja4_2!$A$2:$L$10000, 7, 0), "Revisar") -> JESUS ENRIQUE LOSSDA | I164: =IFERROR(VLOOKUP(TRIM($D164), Hoja4_2!$A$2:$L$10000, 9, 0), "Revisar") -> ZU | J164: =IFERROR(VLOOKUP(TRIM($D164), Hoja4_2!$A$2:$L$10000, 12, 0), "Revisar") -> 23466502 | K164: =TEXT(TRIM(D164),"0") -> 11323466502 | L164: =IF(F164="Revisar","NULL",CONCATENATE("'",TEXT(F164,"yyyy-mm-dd"),"'")) -> '2013-05-04' | M164: =IF(G164="Revisar","NULL",CONCATENATE("'",MID(G164,1,1),"'")) -> 'F' | N164: =IF(H164="Revisar","NULL",CONCATENATE("'",H164,"'")) -> 'JESUS ENRIQUE LOSSDA' | O164: =IF(I164="Revisar","NULL",CONCATENATE("'",I164,"'")) -> 'ZU' | P164: ="UPDATE estudiantes SET fecha_nacimiento="&L164&", sexo="&M164&", lugar_nacimiento="&N164&", entidad_federal="&O164&" WHERE cedula='"&K164&"';" -> UPDATE estudiantes SET fecha_nacimiento='2013-05-04', sexo='F', lugar_nacimiento='JESUS ENRIQUE LOSSDA', entidad_federal='ZU' WHERE cedula='11323466502';
A165: 2025-2026 | B165: 1F | C165: E | D165: 011323769865 | E165: 45923 | F165: =IFERROR(VLOOKUP(TRIM($D165), Hoja4_2!$A$2:$L$10000, 4, 0), "Revisar") -> 41374 | G165: =IFERROR(VLOOKUP(TRIM($D165), Hoja4_2!$A$2:$L$10000, 5, 0), "Revisar") -> FEMENINO | H165: =IFERROR(VLOOKUP(TRIM($D165), Hoja4_2!$A$2:$L$10000, 7, 0), "Revisar") -> MARACAIBO | I165: =IFERROR(VLOOKUP(TRIM($D165), Hoja4_2!$A$2:$L$10000, 9, 0), "Revisar") -> ZU | J165: =IFERROR(VLOOKUP(TRIM($D165), Hoja4_2!$A$2:$L$10000, 12, 0), "Revisar") -> 21511087 | K165: =TEXT(TRIM(D165),"0") -> 11323769865 | L165: =IF(F165="Revisar","NULL",CONCATENATE("'",TEXT(F165,"yyyy-mm-dd"),"'")) -> '2013-04-10' | M165: =IF(G165="Revisar","NULL",CONCATENATE("'",MID(G165,1,1),"'")) -> 'F' | N165: =IF(H165="Revisar","NULL",CONCATENATE("'",H165,"'")) -> 'MARACAIBO' | O165: =IF(I165="Revisar","NULL",CONCATENATE("'",I165,"'")) -> 'ZU' | P165: ="UPDATE estudiantes SET fecha_nacimiento="&L165&", sexo="&M165&", lugar_nacimiento="&N165&", entidad_federal="&O165&" WHERE cedula='"&K165&"';" -> UPDATE estudiantes SET fecha_nacimiento='2013-04-10', sexo='F', lugar_nacimiento='MARACAIBO', entidad_federal='ZU' WHERE cedula='11323769865';
A166: 2025-2026 | B166: 1F | C166: E | D166: 011325596497 | E166: 45923 | F166: =IFERROR(VLOOKUP(TRIM($D166), Hoja4_2!$A$2:$L$10000, 4, 0), "Revisar") -> 41488 | G166: =IFERROR(VLOOKUP(TRIM($D166), Hoja4_2!$A$2:$L$10000, 5, 0), "Revisar") -> MASCULINO | H166: =IFERROR(VLOOKUP(TRIM($D166), Hoja4_2!$A$2:$L$10000, 7, 0), "Revisar") -> MARACAIBO | I166: =IFERROR(VLOOKUP(TRIM($D166), Hoja4_2!$A$2:$L$10000, 9, 0), "Revisar") -> ZU | J166: =IFERROR(VLOOKUP(TRIM($D166), Hoja4_2!$A$2:$L$10000, 12, 0), "Revisar") -> 25596497 | K166: =TEXT(TRIM(D166),"0") -> 11325596497 | L166: =IF(F166="Revisar","NULL",CONCATENATE("'",TEXT(F166,"yyyy-mm-dd"),"'")) -> '2013-08-02' | M166: =IF(G166="Revisar","NULL",CONCATENATE("'",MID(G166,1,1),"'")) -> 'M' | N166: =IF(H166="Revisar","NULL",CONCATENATE("'",H166,"'")) -> 'MARACAIBO' | O166: =IF(I166="Revisar","NULL",CONCATENATE("'",I166,"'")) -> 'ZU' | P166: ="UPDATE estudiantes SET fecha_nacimiento="&L166&", sexo="&M166&", lugar_nacimiento="&N166&", entidad_federal="&O166&" WHERE cedula='"&K166&"';" -> UPDATE estudiantes SET fecha_nacimiento='2013-08-02', sexo='M', lugar_nacimiento='MARACAIBO', entidad_federal='ZU' WHERE cedula='11325596497';
... A191: 2025-2026 | B191: 2F | C191: A | D191: 000036452126 | E191: 45922 | F191: =IFERROR(VLOOKUP(TRIM($D191), Hoja4_2!$A$2:$L$10000, 4, 0), "Revisar") -> 40962 | G191: =IFERROR(VLOOKUP(TRIM($D191), Hoja4_2!$A$2:$L$10000, 5, 0), "Revisar") -> FEMENINO | H191: =IFERROR(VLOOKUP(TRIM($D191), Hoja4_2!$A$2:$L$10000, 7, 0), "Revisar") -> JESUS ENRIQUE LOSSADA | I191: =IFERROR(VLOOKUP(TRIM($D191), Hoja4_2!$A$2:$L$10000, 9, 0), "Revisar") -> ZU | J191: =IFERROR(VLOOKUP(TRIM($D191), Hoja4_2!$A$2:$L$10000, 12, 0), "Revisar") -> 17635567 | K191: =TEXT(TRIM(D191),"0") -> 36452126 | L191: =IF(F191="Revisar","NULL",CONCATENATE("'",TEXT(F191,"yyyy-mm-dd"),"'")) -> '2012-02-23' | M191: =IF(G191="Revisar","NULL",CONCATENATE("'",MID(G191,1,1),"'")) -> 'F' | N191: =IF(H191="Revisar","NULL",CONCATENATE("'",H191,"'")) -> 'JESUS ENRIQUE LOSSADA' | O191: =IF(I191="Revisar","NULL",CONCATENATE("'",I191,"'")) -> 'ZU' | P191: ="UPDATE estudiantes SET fecha_nacimiento="&L191&", sexo="&M191&", lugar_nacimiento="&N191&", entidad_federal="&O191&" WHERE cedula='"&K191&"';" -> UPDATE estudiantes SET fecha_nacimiento='2012-02-23', sexo='F', lugar_nacimiento='JESUS ENRIQUE LOSSADA', entidad_federal='ZU' WHERE cedula='36452126';
A192: 2025-2026 | B192: 2F | C192: A | D192: 000036502020 | E192: 46087 | F192: NULL | G192: NULL | H192: NULL | I192: NULL | J192: NULL | K192: =TEXT(TRIM(D192),"0") -> 36502020 | L192: =IF(F192="Revisar","NULL",CONCATENATE("'",TEXT(F192,"yyyy-mm-dd"),"'")) -> 'NULL' | M192: =IF(G192="Revisar","NULL",CONCATENATE("'",MID(G192,1,1),"'")) -> 'N' | N192: =IF(H192="Revisar","NULL",CONCATENATE("'",H192,"'")) -> 'NULL' | O192: =IF(I192="Revisar","NULL",CONCATENATE("'",I192,"'")) -> 'NULL' | P192: ="UPDATE estudiantes SET fecha_nacimiento="&L192&", sexo="&M192&", lugar_nacimiento="&N192&", entidad_federal="&O192&" WHERE cedula='"&K192&"';" -> UPDATE estudiantes SET fecha_nacimiento='NULL', sexo='N', lugar_nacimiento='NULL', entidad_federal='NULL' WHERE cedula='36502020';
A193: 2025-2026 | B193: 2F | C193: A | D193: 000036531643 | E193: 45919 | F193: =IFERROR(VLOOKUP(TRIM($D193), Hoja4_2!$A$2:$L$10000, 4, 0), "Revisar") -> 41690 | G193: =IFERROR(VLOOKUP(TRIM($D193), Hoja4_2!$A$2:$L$10000, 5, 0), "Revisar") -> FEMENINO | H193: =IFERROR(VLOOKUP(TRIM($D193), Hoja4_2!$A$2:$L$10000, 7, 0), "Revisar") -> MARACAIBO | I193: =IFERROR(VLOOKUP(TRIM($D193), Hoja4_2!$A$2:$L$10000, 9, 0), "Revisar") -> ZU | J193: =IFERROR(VLOOKUP(TRIM($D193), Hoja4_2!$A$2:$L$10000, 12, 0), "Revisar") -> 23770194 | K193: =TEXT(TRIM(D193),"0") -> 36531643 | L193: =IF(F193="Revisar","NULL",CONCATENATE("'",TEXT(F193,"yyyy-mm-dd"),"'")) -> '2014-02-20' | M193: =IF(G193="Revisar","NULL",CONCATENATE("'",MID(G193,1,1),"'")) -> 'F' | N193: =IF(H193="Revisar","NULL",CONCATENATE("'",H193,"'")) -> 'MARACAIBO' | O193: =IF(I193="Revisar","NULL",CONCATENATE("'",I193,"'")) -> 'ZU' | P193: ="UPDATE estudiantes SET fecha_nacimiento="&L193&", sexo="&M193&", lugar_nacimiento="&N193&", entidad_federal="&O193&" WHERE cedula='"&K193&"';" -> UPDATE estudiantes SET fecha_nacimiento='2014-02-20', sexo='F', lugar_nacimiento='MARACAIBO', entidad_federal='ZU' WHERE cedula='36531643';
A194: 2025-2026 | B194: 2F | C194: A | D194: 001128355057 | E194: 45922 | F194: =IFERROR(VLOOKUP(TRIM($D194), Hoja4_2!$A$2:$L$10000, 4, 0), "Revisar") -> 40924 | G194: =IFERROR(VLOOKUP(TRIM($D194), Hoja4_2!$A$2:$L$10000, 5, 0), "Revisar") -> MASCULINO | H194: =IFERROR(VLOOKUP(TRIM($D194), Hoja4_2!$A$2:$L$10000, 7, 0), "Revisar") -> MARACAIBO | I194: =IFERROR(VLOOKUP(TRIM($D194), Hoja4_2!$A$2:$L$10000, 9, 0), "Revisar") -> ZU | J194: =IFERROR(VLOOKUP(TRIM($D194), Hoja4_2!$A$2:$L$10000, 12, 0), "Revisar") -> 20835057 | K194: =TEXT(TRIM(D194),"0") -> 1128355057 | L194: =IF(F194="Revisar","NULL",CONCATENATE("'",TEXT(F194,"yyyy-mm-dd"),"'")) -> '2012-01-16' | M194: =IF(G194="Revisar","NULL",CONCATENATE("'",MID(G194,1,1),"'")) -> 'M' | N194: =IF(H194="Revisar","NULL",CONCATENATE("'",H194,"'")) -> 'MARACAIBO' | O194: =IF(I194="Revisar","NULL",CONCATENATE("'",I194,"'")) -> 'ZU' | P194: ="UPDATE estudiantes SET fecha_nacimiento="&L194&", sexo="&M194&", lugar_nacimiento="&N194&", entidad_federal="&O194&" WHERE cedula='"&K194&"';" -> UPDATE estudiantes SET fecha_nacimiento='2012-01-16', sexo='M', lugar_nacimiento='MARACAIBO', entidad_federal='ZU' WHERE cedula='1128355057';
A195: 2025-2026 | B195: 2F | C195: A | D195: 011115889487 | E195: 45922 | F195: =IFERROR(VLOOKUP(TRIM($D195), Hoja4_2!$A$2:$L$10000, 4, 0), "Revisar") -> 40715 | G195: =IFERROR(VLOOKUP(TRIM($D195), Hoja4_2!$A$2:$L$10000, 5, 0), "Revisar") -> FEMENINO | H195: =IFERROR(VLOOKUP(TRIM($D195), Hoja4_2!$A$2:$L$10000, 7, 0), "Revisar") -> MARACAIBO | I195: =IFERROR(VLOOKUP(TRIM($D195), Hoja4_2!$A$2:$L$10000, 9, 0), "Revisar") -> ZU | J195: =IFERROR(VLOOKUP(TRIM($D195), Hoja4_2!$A$2:$L$10000, 12, 0), "Revisar") -> 15889487 | K195: =TEXT(TRIM(D195),"0") -> 11115889487 | L195: =IF(F195="Revisar","NULL",CONCATENATE("'",TEXT(F195,"yyyy-mm-dd"),"'")) -> '2011-06-21' | M195: =IF(G195="Revisar","NULL",CONCATENATE("'",MID(G195,1,1),"'")) -> 'F' | N195: =IF(H195="Revisar","NULL",CONCATENATE("'",H195,"'")) -> 'MARACAIBO' | O195: =IF(I195="Revisar","NULL",CONCATENATE("'",I195,"'")) -> 'ZU' | P195: ="UPDATE estudiantes SET fecha_nacimiento="&L195&", sexo="&M195&", lugar_nacimiento="&N195&", entidad_federal="&O195&" WHERE cedula='"&K195&"';" -> UPDATE estudiantes SET fecha_nacimiento='2011-06-21', sexo='F', lugar_nacimiento='MARACAIBO', entidad_federal='ZU' WHERE cedula='11115889487';
A196: 2025-2026 | B196: 2F | C196: A | D196: 011117953650 | E196: 45922 | F196: =IFERROR(VLOOKUP(TRIM($D196), Hoja4_2!$A$2:$L$10000, 4, 0), "Revisar") -> 40790 | G196: =IFERROR(VLOOKUP(TRIM($D196), Hoja4_2!$A$2:$L$10000, 5, 0), "Revisar") -> MASCULINO | H196: =IFERROR(VLOOKUP(TRIM($D196), Hoja4_2!$A$2:$L$10000, 7, 0), "Revisar") -> JESUS ENRIQUE LOSSADA | I196: =IFERROR(VLOOKUP(TRIM($D196), Hoja4_2!$A$2:$L$10000, 9, 0), "Revisar") -> ZU | J196: =IFERROR(VLOOKUP(TRIM($D196), Hoja4_2!$A$2:$L$10000, 12, 0), "Revisar") -> 17953650 | K196: =TEXT(TRIM(D196),"0") -> 11117953650 | L196: =IF(F196="Revisar","NULL",CONCATENATE("'",TEXT(F196,"yyyy-mm-dd"),"'")) -> '2011-09-04' | M196: =IF(G196="Revisar","NULL",CONCATENATE("'",MID(G196,1,1),"'")) -> 'M' | N196: =IF(H196="Revisar","NULL",CONCATENATE("'",H196,"'")) -> 'JESUS ENRIQUE LOSSADA' | O196: =IF(I196="Revisar","NULL",CONCATENATE("'",I196,"'")) -> 'ZU' | P196: ="UPDATE estudiantes SET fecha_nacimiento="&L196&", sexo="&M196&", lugar_nacimiento="&N196&", entidad_federal="&O196&" WHERE cedula='"&K196&"';" -> UPDATE estudiantes SET fecha_nacimiento='2011-09-04', sexo='M', lugar_nacimiento='JESUS ENRIQUE LOSSADA', entidad_federal='ZU' WHERE cedula='11117953650';
A197: 2025-2026 | B197: 2F | C197: A | D197: 011120605306 | E197: 45922 | F197: =IFERROR(VLOOKUP(TRIM($D197), Hoja4_2!$A$2:$L$10000, 4, 0), "Revisar") -> 40753 | G197: =IFERROR(VLOOKUP(TRIM($D197), Hoja4_2!$A$2:$L$10000, 5, 0), "Revisar") -> FEMENINO | H197: =IFERROR(VLOOKUP(TRIM($D197), Hoja4_2!$A$2:$L$10000, 7, 0), "Revisar") -> MARACAIBO | I197: =IFERROR(VLOOKUP(TRIM($D197), Hoja4_2!$A$2:$L$10000, 9, 0), "Revisar") -> ZU | J197: =IFERROR(VLOOKUP(TRIM($D197), Hoja4_2!$A$2:$L$10000, 12, 0), "Revisar") -> 20605306 | K197: =TEXT(TRIM(D197),"0") -> 11120605306 | L197: =IF(F197="Revisar","NULL",CONCATENATE("'",TEXT(F197,"yyyy-mm-dd"),"'")) -> '2011-07-29' | M197: =IF(G197="Revisar","NULL",CONCATENATE("'",MID(G197,1,1),"'")) -> 'F' | N197: =IF(H197="Revisar","NULL",CONCATENATE("'",H197,"'")) -> 'MARACAIBO' | O197: =IF(I197="Revisar","NULL",CONCATENATE("'",I197,"'")) -> 'ZU' | P197: ="UPDATE estudiantes SET fecha_nacimiento="&L197&", sexo="&M197&", lugar_nacimiento="&N197&", entidad_federal="&O197&" WHERE cedula='"&K197&"';" -> UPDATE estudiantes SET fecha_nacimiento='2011-07-29', sexo='F', lugar_nacimiento='MARACAIBO', entidad_federal='ZU' WHERE cedula='11120605306';
A198: 2025-2026 | B198: 2F | C198: A | D198: 011120834399 | E198: 45922 | F198: =IFERROR(VLOOKUP(TRIM($D198), Hoja4_2!$A$2:$L$10000, 4, 0), "Revisar") -> 40627 | G198: =IFERROR(VLOOKUP(TRIM($D198), Hoja4_2!$A$2:$L$10000, 5, 0), "Revisar") -> FEMENINO | H198: =IFERROR(VLOOKUP(TRIM($D198), Hoja4_2!$A$2:$L$10000, 7, 0), "Revisar") -> MARACAIBO | I198: =IFERROR(VLOOKUP(TRIM($D198), Hoja4_2!$A$2:$L$10000, 9, 0), "Revisar") -> ZU | J198: =IFERROR(VLOOKUP(TRIM($D198), Hoja4_2!$A$2:$L$10000, 12, 0), "Revisar") -> 20834399 | K198: =TEXT(TRIM(D198),"0") -> 11120834399 | L198: =IF(F198="Revisar","NULL",CONCATENATE("'",TEXT(F198,"yyyy-mm-dd"),"'")) -> '2011-03-25' | M198: =IF(G198="Revisar","NULL",CONCATENATE("'",MID(G198,1,1),"'")) -> 'F' | N198: =IF(H198="Revisar","NULL",CONCATENATE("'",H198,"'")) -> 'MARACAIBO' | O198: =IF(I198="Revisar","NULL",CONCATENATE("'",I198,"'")) -> 'ZU' | P198: ="UPDATE estudiantes SET fecha_nacimiento="&L198&", sexo="&M198&", lugar_nacimiento="&N198&", entidad_federal="&O198&" WHERE cedula='"&K198&"';" -> UPDATE estudiantes SET fecha_nacimiento='2011-03-25', sexo='F', lugar_nacimiento='MARACAIBO', entidad_federal='ZU' WHERE cedula='11120834399';
A199: 2025-2026 | B199: 2F | C199: A | D199: 011120835909 | E199: 45922 | F199: =IFERROR(VLOOKUP(TRIM($D199), Hoja4_2!$A$2:$L$10000, 4, 0), "Revisar") -> 40653 | G199: =IFERROR(VLOOKUP(TRIM($D199), Hoja4_2!$A$2:$L$10000, 5, 0), "Revisar") -> FEMENINO | H199: =IFERROR(VLOOKUP(TRIM($D199), Hoja4_2!$A$2:$L$10000, 7, 0), "Revisar") -> MARACAIBO | I199: =IFERROR(VLOOKUP(TRIM($D199), Hoja4_2!$A$2:$L$10000, 9, 0), "Revisar") -> ZU | J199: =IFERROR(VLOOKUP(TRIM($D199), Hoja4_2!$A$2:$L$10000, 12, 0), "Revisar") -> 20835909 | K199: =TEXT(TRIM(D199),"0") -> 11120835909 | L199: =IF(F199="Revisar","NULL",CONCATENATE("'",TEXT(F199,"yyyy-mm-dd"),"'")) -> '2011-04-20' | M199: =IF(G199="Revisar","NULL",CONCATENATE("'",MID(G199,1,1),"'")) -> 'F' | N199: =IF(H199="Revisar","NULL",CONCATENATE("'",H199,"'")) -> 'MARACAIBO' | O199: =IF(I199="Revisar","NULL",CONCATENATE("'",I199,"'")) -> 'ZU' | P199: ="UPDATE estudiantes SET fecha_nacimiento="&L199&", sexo="&M199&", lugar_nacimiento="&N199&", entidad_federal="&O199&" WHERE cedula='"&K199&"';" -> UPDATE estudiantes SET fecha_nacimiento='2011-04-20', sexo='F', lugar_nacimiento='MARACAIBO', entidad_federal='ZU' WHERE cedula='11120835909';
A200: 2025-2026 | B200: 2F | C200: A | D200: 011215009849 | E200: 45922 | F200: =IFERROR(VLOOKUP(TRIM($D200), Hoja4_2!$A$2:$L$10000, 4, 0), "Revisar") -> 41256 | G200: =IFERROR(VLOOKUP(TRIM($D200), Hoja4_2!$A$2:$L$10000, 5, 0), "Revisar") -> MASCULINO | H200: =IFERROR(VLOOKUP(TRIM($D200), Hoja4_2!$A$2:$L$10000, 7, 0), "Revisar") -> MARACAIBO | I200: =IFERROR(VLOOKUP(TRIM($D200), Hoja4_2!$A$2:$L$10000, 9, 0), "Revisar") -> ZU | J200: =IFERROR(VLOOKUP(TRIM($D200), Hoja4_2!$A$2:$L$10000, 12, 0), "Revisar") -> 15009849 | K200: =TEXT(TRIM(D200),"0") -> 11215009849 | L200: =IF(F200="Revisar","NULL",CONCATENATE("'",TEXT(F200,"yyyy-mm-dd"),"'")) -> '2012-12-13' | M200: =IF(G200="Revisar","NULL",CONCATENATE("'",MID(G200,1,1),"'")) -> 'M' | N200: =IF(H200="Revisar","NULL",CONCATENATE("'",H200,"'")) -> 'MARACAIBO' | O200: =IF(I200="Revisar","NULL",CONCATENATE("'",I200,"'")) -> 'ZU' | P200: ="UPDATE estudiantes SET fecha_nacimiento="&L200&", sexo="&M200&", lugar_nacimiento="&N200&", entidad_federal="&O200&" WHERE cedula='"&K200&"';" -> UPDATE estudiantes SET fecha_nacimiento='2012-12-13', sexo='M', lugar_nacimiento='MARACAIBO', entidad_federal='ZU' WHERE cedula='11215009849';
A201: 2025-2026 | B201: 2F | C201: A | D201: 011215053855 | E201: 45922 | F201: =IFERROR(VLOOKUP(TRIM($D201), Hoja4_2!$A$2:$L$10000, 4, 0), "Revisar") -> 41093 | G201: =IFERROR(VLOOKUP(TRIM($D201), Hoja4_2!$A$2:$L$10000, 5, 0), "Revisar") -> MASCULINO | H201: =IFERROR(VLOOKUP(TRIM($D201), Hoja4_2!$A$2:$L$10000, 7, 0), "Revisar") -> MARACAIBO | I201: =IFERROR(VLOOKUP(TRIM($D201), Hoja4_2!$A$2:$L$10000, 9, 0), "Revisar") -> ZU | J201: =IFERROR(VLOOKUP(TRIM($D201), Hoja4_2!$A$2:$L$10000, 12, 0), "Revisar") -> 15053855 | K201: =TEXT(TRIM(D201),"0") -> 11215053855 | L201: =IF(F201="Revisar","NULL",CONCATENATE("'",TEXT(F201,"yyyy-mm-dd"),"'")) -> '2012-07-03' | M201: =IF(G201="Revisar","NULL",CONCATENATE("'",MID(G201,1,1),"'")) -> 'M' | N201: =IF(H201="Revisar","NULL",CONCATENATE("'",H201,"'")) -> 'MARACAIBO' | O201: =IF(I201="Revisar","NULL",CONCATENATE("'",I201,"'")) -> 'ZU' | P201: ="UPDATE estudiantes SET fecha_nacimiento="&L201&", sexo="&M201&", lugar_nacimiento="&N201&", entidad_federal="&O201&" WHERE cedula='"&K201&"';" -> UPDATE estudiantes SET fecha_nacimiento='2012-07-03', sexo='M', lugar_nacimiento='MARACAIBO', entidad_federal='ZU' WHERE cedula='11215053855';
A202: 2025-2026 | B202: 2F | C202: A | D202: 011215466865 | E202: 45922 | F202: =IFERROR(VLOOKUP(TRIM($D202), Hoja4_2!$A$2:$L$10000, 4, 0), "Revisar") -> 41117 | G202: =IFERROR(VLOOKUP(TRIM($D202), Hoja4_2!$A$2:$L$10000, 5, 0), "Revisar") -> MASCULINO | H202: =IFERROR(VLOOKUP(TRIM($D202), Hoja4_2!$A$2:$L$10000, 7, 0), "Revisar") -> MARACAIBO | I202: =IFERROR(VLOOKUP(TRIM($D202), Hoja4_2!$A$2:$L$10000, 9, 0), "Revisar") -> ZU | J202: =IFERROR(VLOOKUP(TRIM($D202), Hoja4_2!$A$2:$L$10000, 12, 0), "Revisar") -> 15466865 | K202: =TEXT(TRIM(D202),"0") -> 11215466865 | L202: =IF(F202="Revisar","NULL",CONCATENATE("'",TEXT(F202,"yyyy-mm-dd"),"'")) -> '2012-07-27' | M202: =IF(G202="Revisar","NULL",CONCATENATE("'",MID(G202,1,1),"'")) -> 'M' | N202: =IF(H202="Revisar","NULL",CONCATENATE("'",H202,"'")) -> 'MARACAIBO' | O202: =IF(I202="Revisar","NULL",CONCATENATE("'",I202,"'")) -> 'ZU' | P202: ="UPDATE estudiantes SET fecha_nacimiento="&L202&", sexo="&M202&", lugar_nacimiento="&N202&", entidad_federal="&O202&" WHERE cedula='"&K202&"';" -> UPDATE estudiantes SET fecha_nacimiento='2012-07-27', sexo='M', lugar_nacimiento='MARACAIBO', entidad_federal='ZU' WHERE cedula='11215466865';
A203: 2025-2026 | B203: 2F | C203: A | D203: 011217071402 | E203: 45922 | F203: =IFERROR(VLOOKUP(TRIM($D203), Hoja4_2!$A$2:$L$10000, 4, 0), "Revisar") -> 41003 | G203: =IFERROR(VLOOKUP(TRIM($D203), Hoja4_2!$A$2:$L$10000, 5, 0), "Revisar") -> MASCULINO | H203: =IFERROR(VLOOKUP(TRIM($D203), Hoja4_2!$A$2:$L$10000, 7, 0), "Revisar") -> MARACAIBO | I203: =IFERROR(VLOOKUP(TRIM($D203), Hoja4_2!$A$2:$L$10000, 9, 0), "Revisar") -> ZU | J203: =IFERROR(VLOOKUP(TRIM($D203), Hoja4_2!$A$2:$L$10000, 12, 0), "Revisar") -> 17071402 | K203: =TEXT(TRIM(D203),"0") -> 11217071402 | L203: =IF(F203="Revisar","NULL",CONCATENATE("'",TEXT(F203,"yyyy-mm-dd"),"'")) -> '2012-04-04' | M203: =IF(G203="Revisar","NULL",CONCATENATE("'",MID(G203,1,1),"'")) -> 'M' | N203: =IF(H203="Revisar","NULL",CONCATENATE("'",H203,"'")) -> 'MARACAIBO' | O203: =IF(I203="Revisar","NULL",CONCATENATE("'",I203,"'")) -> 'ZU' | P203: ="UPDATE estudiantes SET fecha_nacimiento="&L203&", sexo="&M203&", lugar_nacimiento="&N203&", entidad_federal="&O203&" WHERE cedula='"&K203&"';" -> UPDATE estudiantes SET fecha_nacimiento='2012-04-04', sexo='M', lugar_nacimiento='MARACAIBO', entidad_federal='ZU' WHERE cedula='11217071402';
A204: 2025-2026 | B204: 2F | C204: A | D204: 011217089276 | E204: 45922 | F204: =IFERROR(VLOOKUP(TRIM($D204), Hoja4_2!$A$2:$L$10000, 4, 0), "Revisar") -> 41030 | G204: =IFERROR(VLOOKUP(TRIM($D204), Hoja4_2!$A$2:$L$10000, 5, 0), "Revisar") -> FEMENINO | H204: =IFERROR(VLOOKUP(TRIM($D204), Hoja4_2!$A$2:$L$10000, 7, 0), "Revisar") -> MARACAIBO | I204: =IFERROR(VLOOKUP(TRIM($D204), Hoja4_2!$A$2:$L$10000, 9, 0), "Revisar") -> ZU | J204: =IFERROR(VLOOKUP(TRIM($D204), Hoja4_2!$A$2:$L$10000, 12, 0), "Revisar") -> 17089276 | K204: =TEXT(TRIM(D204),"0") -> 11217089276 | L204: =IF(F204="Revisar","NULL",CONCATENATE("'",TEXT(F204,"yyyy-mm-dd"),"'")) -> '2012-05-01' | M204: =IF(G204="Revisar","NULL",CONCATENATE("'",MID(G204,1,1),"'")) -> 'F' | N204: =IF(H204="Revisar","NULL",CONCATENATE("'",H204,"'")) -> 'MARACAIBO' | O204: =IF(I204="Revisar","NULL",CONCATENATE("'",I204,"'")) -> 'ZU' | P204: ="UPDATE estudiantes SET fecha_nacimiento="&L204&", sexo="&M204&", lugar_nacimiento="&N204&", entidad_federal="&O204&" WHERE cedula='"&K204&"';" -> UPDATE estudiantes SET fecha_nacimiento='2012-05-01', sexo='F', lugar_nacimiento='MARACAIBO', entidad_federal='ZU' WHERE cedula='11217089276';
... A286: 2025-2026 | B286: 2F | C286: D | D286: 000036281900 | E286: 45924 | F286: =IFERROR(VLOOKUP(TRIM($D286), Hoja4_2!$A$2:$L$10000, 4, 0), "Revisar") -> 41285 | G286: =IFERROR(VLOOKUP(TRIM($D286), Hoja4_2!$A$2:$L$10000, 5, 0), "Revisar") -> MASCULINO | H286: =IFERROR(VLOOKUP(TRIM($D286), Hoja4_2!$A$2:$L$10000, 7, 0), "Revisar") -> MARACAIBO | I286: =IFERROR(VLOOKUP(TRIM($D286), Hoja4_2!$A$2:$L$10000, 9, 0), "Revisar") -> ZU | J286: =IFERROR(VLOOKUP(TRIM($D286), Hoja4_2!$A$2:$L$10000, 12, 0), "Revisar") -> 17634629 | K286: =TEXT(TRIM(D286),"0") -> 36281900 | L286: =IF(F286="Revisar","NULL",CONCATENATE("'",TEXT(F286,"yyyy-mm-dd"),"'")) -> '2013-01-11' | M286: =IF(G286="Revisar","NULL",CONCATENATE("'",MID(G286,1,1),"'")) -> 'M' | N286: =IF(H286="Revisar","NULL",CONCATENATE("'",H286,"'")) -> 'MARACAIBO' | O286: =IF(I286="Revisar","NULL",CONCATENATE("'",I286,"'")) -> 'ZU' | P286: ="UPDATE estudiantes SET fecha_nacimiento="&L286&", sexo="&M286&", lugar_nacimiento="&N286&", entidad_federal="&O286&" WHERE cedula='"&K286&"';" -> UPDATE estudiantes SET fecha_nacimiento='2013-01-11', sexo='M', lugar_nacimiento='MARACAIBO', entidad_federal='ZU' WHERE cedula='36281900';
A287: 2025-2026 | B287: 2F | C287: D | D287: 000037299883 | E287: 45924 | F287: NULL | G287: NULL | H287: NULL | I287: NULL | J287: NULL | K287: =TEXT(TRIM(D287),"0") -> 37299883 | L287: =IF(F287="Revisar","NULL",CONCATENATE("'",TEXT(F287,"yyyy-mm-dd"),"'")) -> 'NULL' | M287: =IF(G287="Revisar","NULL",CONCATENATE("'",MID(G287,1,1),"'")) -> 'N' | N287: =IF(H287="Revisar","NULL",CONCATENATE("'",H287,"'")) -> 'NULL' | O287: =IF(I287="Revisar","NULL",CONCATENATE("'",I287,"'")) -> 'NULL' | P287: ="UPDATE estudiantes SET fecha_nacimiento="&L287&", sexo="&M287&", lugar_nacimiento="&N287&", entidad_federal="&O287&" WHERE cedula='"&K287&"';" -> UPDATE estudiantes SET fecha_nacimiento='NULL', sexo='N', lugar_nacimiento='NULL', entidad_federal='NULL' WHERE cedula='37299883';
A288: 2025-2026 | B288: 2F | C288: D | D288: 011017184601 | E288: 45924 | F288: =IFERROR(VLOOKUP(TRIM($D288), Hoja4_2!$A$2:$L$10000, 4, 0), "Revisar") -> 40494 | G288: =IFERROR(VLOOKUP(TRIM($D288), Hoja4_2!$A$2:$L$10000, 5, 0), "Revisar") -> MASCULINO | H288: =IFERROR(VLOOKUP(TRIM($D288), Hoja4_2!$A$2:$L$10000, 7, 0), "Revisar") -> MARACAIBO | I288: =IFERROR(VLOOKUP(TRIM($D288), Hoja4_2!$A$2:$L$10000, 9, 0), "Revisar") -> ZU | J288: =IFERROR(VLOOKUP(TRIM($D288), Hoja4_2!$A$2:$L$10000, 12, 0), "Revisar") -> 17184601 | K288: =TEXT(TRIM(D288),"0") -> 11017184601 | L288: =IF(F288="Revisar","NULL",CONCATENATE("'",TEXT(F288,"yyyy-mm-dd"),"'")) -> '2010-11-12' | M288: =IF(G288="Revisar","NULL",CONCATENATE("'",MID(G288,1,1),"'")) -> 'M' | N288: =IF(H288="Revisar","NULL",CONCATENATE("'",H288,"'")) -> 'MARACAIBO' | O288: =IF(I288="Revisar","NULL",CONCATENATE("'",I288,"'")) -> 'ZU' | P288: ="UPDATE estudiantes SET fecha_nacimiento="&L288&", sexo="&M288&", lugar_nacimiento="&N288&", entidad_federal="&O288&" WHERE cedula='"&K288&"';" -> UPDATE estudiantes SET fecha_nacimiento='2010-11-12', sexo='M', lugar_nacimiento='MARACAIBO', entidad_federal='ZU' WHERE cedula='11017184601';
A289: 2025-2026 | B289: 2F | C289: D | D289: 011018382324 | E289: 45924 | F289: =IFERROR(VLOOKUP(TRIM($D289), Hoja4_2!$A$2:$L$10000, 4, 0), "Revisar") -> 40405 | G289: =IFERROR(VLOOKUP(TRIM($D289), Hoja4_2!$A$2:$L$10000, 5, 0), "Revisar") -> MASCULINO | H289: =IFERROR(VLOOKUP(TRIM($D289), Hoja4_2!$A$2:$L$10000, 7, 0), "Revisar") -> MARACAIBO | I289: =IFERROR(VLOOKUP(TRIM($D289), Hoja4_2!$A$2:$L$10000, 9, 0), "Revisar") -> ZU | J289: =IFERROR(VLOOKUP(TRIM($D289), Hoja4_2!$A$2:$L$10000, 12, 0), "Revisar") -> 18382324 | K289: =TEXT(TRIM(D289),"0") -> 11018382324 | L289: =IF(F289="Revisar","NULL",CONCATENATE("'",TEXT(F289,"yyyy-mm-dd"),"'")) -> '2010-08-15' | M289: =IF(G289="Revisar","NULL",CONCATENATE("'",MID(G289,1,1),"'")) -> 'M' | N289: =IF(H289="Revisar","NULL",CONCATENATE("'",H289,"'")) -> 'MARACAIBO' | O289: =IF(I289="Revisar","NULL",CONCATENATE("'",I289,"'")) -> 'ZU' | P289: ="UPDATE estudiantes SET fecha_nacimiento="&L289&", sexo="&M289&", lugar_nacimiento="&N289&", entidad_federal="&O289&" WHERE cedula='"&K289&"';" -> UPDATE estudiantes SET fecha_nacimiento='2010-08-15', sexo='M', lugar_nacimiento='MARACAIBO', entidad_federal='ZU' WHERE cedula='11018382324';
A290: 2025-2026 | B290: 2F | C290: D | D290: 011112442875 | E290: 45924 | F290: =IFERROR(VLOOKUP(TRIM($D290), Hoja4_2!$A$2:$L$10000, 4, 0), "Revisar") -> 40675 | G290: =IFERROR(VLOOKUP(TRIM($D290), Hoja4_2!$A$2:$L$10000, 5, 0), "Revisar") -> MASCULINO | H290: =IFERROR(VLOOKUP(TRIM($D290), Hoja4_2!$A$2:$L$10000, 7, 0), "Revisar") -> MARACAIBO | I290: =IFERROR(VLOOKUP(TRIM($D290), Hoja4_2!$A$2:$L$10000, 9, 0), "Revisar") -> ZU | J290: =IFERROR(VLOOKUP(TRIM($D290), Hoja4_2!$A$2:$L$10000, 12, 0), "Revisar") -> 12442875 | K290: =TEXT(TRIM(D290),"0") -> 11112442875 | L290: =IF(F290="Revisar","NULL",CONCATENATE("'",TEXT(F290,"yyyy-mm-dd"),"'")) -> '2011-05-12' | M290: =IF(G290="Revisar","NULL",CONCATENATE("'",MID(G290,1,1),"'")) -> 'M' | N290: =IF(H290="Revisar","NULL",CONCATENATE("'",H290,"'")) -> 'MARACAIBO' | O290: =IF(I290="Revisar","NULL",CONCATENATE("'",I290,"'")) -> 'ZU' | P290: ="UPDATE estudiantes SET fecha_nacimiento="&L290&", sexo="&M290&", lugar_nacimiento="&N290&", entidad_federal="&O290&" WHERE cedula='"&K290&"';" -> UPDATE estudiantes SET fecha_nacimiento='2011-05-12', sexo='M', lugar_nacimiento='MARACAIBO', entidad_federal='ZU' WHERE cedula='11112442875';
A291: 2025-2026 | B291: 2F | C291: D | D291: 011112621007 | E291: 45924 | F291: =IFERROR(VLOOKUP(TRIM($D291), Hoja4_2!$A$2:$L$10000, 4, 0), "Revisar") -> 40695 | G291: =IFERROR(VLOOKUP(TRIM($D291), Hoja4_2!$A$2:$L$10000, 5, 0), "Revisar") -> MASCULINO | H291: =IFERROR(VLOOKUP(TRIM($D291), Hoja4_2!$A$2:$L$10000, 7, 0), "Revisar") -> MARACAIBO | I291: =IFERROR(VLOOKUP(TRIM($D291), Hoja4_2!$A$2:$L$10000, 9, 0), "Revisar") -> ZU | J291: =IFERROR(VLOOKUP(TRIM($D291), Hoja4_2!$A$2:$L$10000, 12, 0), "Revisar") -> 12621007 | K291: =TEXT(TRIM(D291),"0") -> 11112621007 | L291: =IF(F291="Revisar","NULL",CONCATENATE("'",TEXT(F291,"yyyy-mm-dd"),"'")) -> '2011-06-01' | M291: =IF(G291="Revisar","NULL",CONCATENATE("'",MID(G291,1,1),"'")) -> 'M' | N291: =IF(H291="Revisar","NULL",CONCATENATE("'",H291,"'")) -> 'MARACAIBO' | O291: =IF(I291="Revisar","NULL",CONCATENATE("'",I291,"'")) -> 'ZU' | P291: ="UPDATE estudiantes SET fecha_nacimiento="&L291&", sexo="&M291&", lugar_nacimiento="&N291&", entidad_federal="&O291&" WHERE cedula='"&K291&"';" -> UPDATE estudiantes SET fecha_nacimiento='2011-06-01', sexo='M', lugar_nacimiento='MARACAIBO', entidad_federal='ZU' WHERE cedula='11112621007';
A292: 2025-2026 | B292: 2F | C292: D | D292: 011114862697 | E292: 45924 | F292: =IFERROR(VLOOKUP(TRIM($D292), Hoja4_2!$A$2:$L$10000, 4, 0), "Revisar") -> 40587 | G292: =IFERROR(VLOOKUP(TRIM($D292), Hoja4_2!$A$2:$L$10000, 5, 0), "Revisar") -> MASCULINO | H292: =IFERROR(VLOOKUP(TRIM($D292), Hoja4_2!$A$2:$L$10000, 7, 0), "Revisar") -> MARACAIBO | I292: =IFERROR(VLOOKUP(TRIM($D292), Hoja4_2!$A$2:$L$10000, 9, 0), "Revisar") -> ZU | J292: =IFERROR(VLOOKUP(TRIM($D292), Hoja4_2!$A$2:$L$10000, 12, 0), "Revisar") -> 14862697 | K292: =TEXT(TRIM(D292),"0") -> 11114862697 | L292: =IF(F292="Revisar","NULL",CONCATENATE("'",TEXT(F292,"yyyy-mm-dd"),"'")) -> '2011-02-13' | M292: =IF(G292="Revisar","NULL",CONCATENATE("'",MID(G292,1,1),"'")) -> 'M' | N292: =IF(H292="Revisar","NULL",CONCATENATE("'",H292,"'")) -> 'MARACAIBO' | O292: =IF(I292="Revisar","NULL",CONCATENATE("'",I292,"'")) -> 'ZU' | P292: ="UPDATE estudiantes SET fecha_nacimiento="&L292&", sexo="&M292&", lugar_nacimiento="&N292&", entidad_federal="&O292&" WHERE cedula='"&K292&"';" -> UPDATE estudiantes SET fecha_nacimiento='2011-02-13', sexo='M', lugar_nacimiento='MARACAIBO', entidad_federal='ZU' WHERE cedula='11114862697';
A293: 2025-2026 | B293: 2F | C293: D | D293: 011117180826 | E293: 45924 | F293: =IFERROR(VLOOKUP(TRIM($D293), Hoja4_2!$A$2:$L$10000, 4, 0), "Revisar") -> 40249 | G293: =IFERROR(VLOOKUP(TRIM($D293), Hoja4_2!$A$2:$L$10000, 5, 0), "Revisar") -> MASCULINO | H293: =IFERROR(VLOOKUP(TRIM($D293), Hoja4_2!$A$2:$L$10000, 7, 0), "Revisar") -> MARACAIBO | I293: =IFERROR(VLOOKUP(TRIM($D293), Hoja4_2!$A$2:$L$10000, 9, 0), "Revisar") -> ZU | J293: =IFERROR(VLOOKUP(TRIM($D293), Hoja4_2!$A$2:$L$10000, 12, 0), "Revisar") -> 99999999 | K293: =TEXT(TRIM(D293),"0") -> 11117180826 | L293: =IF(F293="Revisar","NULL",CONCATENATE("'",TEXT(F293,"yyyy-mm-dd"),"'")) -> '2010-03-12' | M293: =IF(G293="Revisar","NULL",CONCATENATE("'",MID(G293,1,1),"'")) -> 'M' | N293: =IF(H293="Revisar","NULL",CONCATENATE("'",H293,"'")) -> 'MARACAIBO' | O293: =IF(I293="Revisar","NULL",CONCATENATE("'",I293,"'")) -> 'ZU' | P293: ="UPDATE estudiantes SET fecha_nacimiento="&L293&", sexo="&M293&", lugar_nacimiento="&N293&", entidad_federal="&O293&" WHERE cedula='"&K293&"';" -> UPDATE estudiantes SET fecha_nacimiento='2010-03-12', sexo='M', lugar_nacimiento='MARACAIBO', entidad_federal='ZU' WHERE cedula='11117180826';
A294: 2025-2026 | B294: 2F | C294: D | D294: 011118285274 | E294: 45924 | F294: =IFERROR(VLOOKUP(TRIM($D294), Hoja4_2!$A$2:$L$10000, 4, 0), "Revisar") -> 40598 | G294: =IFERROR(VLOOKUP(TRIM($D294), Hoja4_2!$A$2:$L$10000, 5, 0), "Revisar") -> FEMENINO | H294: =IFERROR(VLOOKUP(TRIM($D294), Hoja4_2!$A$2:$L$10000, 7, 0), "Revisar") -> JESUS ENRIQUE LOSSADA | I294: =IFERROR(VLOOKUP(TRIM($D294), Hoja4_2!$A$2:$L$10000, 9, 0), "Revisar") -> ZU | J294: =IFERROR(VLOOKUP(TRIM($D294), Hoja4_2!$A$2:$L$10000, 12, 0), "Revisar") -> 99999999 | K294: =TEXT(TRIM(D294),"0") -> 11118285274 | L294: =IF(F294="Revisar","NULL",CONCATENATE("'",TEXT(F294,"yyyy-mm-dd"),"'")) -> '2011-02-24' | M294: =IF(G294="Revisar","NULL",CONCATENATE("'",MID(G294,1,1),"'")) -> 'F' | N294: =IF(H294="Revisar","NULL",CONCATENATE("'",H294,"'")) -> 'JESUS ENRIQUE LOSSADA' | O294: =IF(I294="Revisar","NULL",CONCATENATE("'",I294,"'")) -> 'ZU' | P294: ="UPDATE estudiantes SET fecha_nacimiento="&L294&", sexo="&M294&", lugar_nacimiento="&N294&", entidad_federal="&O294&" WHERE cedula='"&K294&"';" -> UPDATE estudiantes SET fecha_nacimiento='2011-02-24', sexo='F', lugar_nacimiento='JESUS ENRIQUE LOSSADA', entidad_federal='ZU' WHERE cedula='11118285274';
A295: 2025-2026 | B295: 2F | C295: D | D295: 011119408913 | E295: 45924 | F295: =IFERROR(VLOOKUP(TRIM($D295), Hoja4_2!$A$2:$L$10000, 4, 0), "Revisar") -> 40676 | G295: =IFERROR(VLOOKUP(TRIM($D295), Hoja4_2!$A$2:$L$10000, 5, 0), "Revisar") -> FEMENINO | H295: =IFERROR(VLOOKUP(TRIM($D295), Hoja4_2!$A$2:$L$10000, 7, 0), "Revisar") -> ROSARIO DE PERIJA | I295: =IFERROR(VLOOKUP(TRIM($D295), Hoja4_2!$A$2:$L$10000, 9, 0), "Revisar") -> ZU | J295: =IFERROR(VLOOKUP(TRIM($D295), Hoja4_2!$A$2:$L$10000, 12, 0), "Revisar") -> 19408913 | K295: =TEXT(TRIM(D295),"0") -> 11119408913 | L295: =IF(F295="Revisar","NULL",CONCATENATE("'",TEXT(F295,"yyyy-mm-dd"),"'")) -> '2011-05-13' | M295: =IF(G295="Revisar","NULL",CONCATENATE("'",MID(G295,1,1),"'")) -> 'F' | N295: =IF(H295="Revisar","NULL",CONCATENATE("'",H295,"'")) -> 'ROSARIO DE PERIJA' | O295: =IF(I295="Revisar","NULL",CONCATENATE("'",I295,"'")) -> 'ZU' | P295: ="UPDATE estudiantes SET fecha_nacimiento="&L295&", sexo="&M295&", lugar_nacimiento="&N295&", entidad_federal="&O295&" WHERE cedula='"&K295&"';" -> UPDATE estudiantes SET fecha_nacimiento='2011-05-13', sexo='F', lugar_nacimiento='ROSARIO DE PERIJA', entidad_federal='ZU' WHERE cedula='11119408913';
A296: 2025-2026 | B296: 2F | C296: D | D296: 011217070774 | E296: 45924 | F296: =IFERROR(VLOOKUP(TRIM($D296), Hoja4_2!$A$2:$L$10000, 4, 0), "Revisar") -> 40860 | G296: =IFERROR(VLOOKUP(TRIM($D296), Hoja4_2!$A$2:$L$10000, 5, 0), "Revisar") -> MASCULINO | H296: =IFERROR(VLOOKUP(TRIM($D296), Hoja4_2!$A$2:$L$10000, 7, 0), "Revisar") -> MARACAIBO | I296: =IFERROR(VLOOKUP(TRIM($D296), Hoja4_2!$A$2:$L$10000, 9, 0), "Revisar") -> ZU | J296: =IFERROR(VLOOKUP(TRIM($D296), Hoja4_2!$A$2:$L$10000, 12, 0), "Revisar") -> 17070774 | K296: =TEXT(TRIM(D296),"0") -> 11217070774 | L296: =IF(F296="Revisar","NULL",CONCATENATE("'",TEXT(F296,"yyyy-mm-dd"),"'")) -> '2011-11-13' | M296: =IF(G296="Revisar","NULL",CONCATENATE("'",MID(G296,1,1),"'")) -> 'M' | N296: =IF(H296="Revisar","NULL",CONCATENATE("'",H296,"'")) -> 'MARACAIBO' | O296: =IF(I296="Revisar","NULL",CONCATENATE("'",I296,"'")) -> 'ZU' | P296: ="UPDATE estudiantes SET fecha_nacimiento="&L296&", sexo="&M296&", lugar_nacimiento="&N296&", entidad_federal="&O296&" WHERE cedula='"&K296&"';" -> UPDATE estudiantes SET fecha_nacimiento='2011-11-13', sexo='M', lugar_nacimiento='MARACAIBO', entidad_federal='ZU' WHERE cedula='11217070774';
A297: 2025-2026 | B297: 2F | C297: D | D297: 011217565063 | E297: 45924 | F297: =IFERROR(VLOOKUP(TRIM($D297), Hoja4_2!$A$2:$L$10000, 4, 0), "Revisar") -> 41164 | G297: =IFERROR(VLOOKUP(TRIM($D297), Hoja4_2!$A$2:$L$10000, 5, 0), "Revisar") -> MASCULINO | H297: =IFERROR(VLOOKUP(TRIM($D297), Hoja4_2!$A$2:$L$10000, 7, 0), "Revisar") -> MARACAIBO | I297: =IFERROR(VLOOKUP(TRIM($D297), Hoja4_2!$A$2:$L$10000, 9, 0), "Revisar") -> ZU | J297: =IFERROR(VLOOKUP(TRIM($D297), Hoja4_2!$A$2:$L$10000, 12, 0), "Revisar") -> 17565063 | K297: =TEXT(TRIM(D297),"0") -> 11217565063 | L297: =IF(F297="Revisar","NULL",CONCATENATE("'",TEXT(F297,"yyyy-mm-dd"),"'")) -> '2012-09-12' | M297: =IF(G297="Revisar","NULL",CONCATENATE("'",MID(G297,1,1),"'")) -> 'M' | N297: =IF(H297="Revisar","NULL",CONCATENATE("'",H297,"'")) -> 'MARACAIBO' | O297: =IF(I297="Revisar","NULL",CONCATENATE("'",I297,"'")) -> 'ZU' | P297: ="UPDATE estudiantes SET fecha_nacimiento="&L297&", sexo="&M297&", lugar_nacimiento="&N297&", entidad_federal="&O297&" WHERE cedula='"&K297&"';" -> UPDATE estudiantes SET fecha_nacimiento='2012-09-12', sexo='M', lugar_nacimiento='MARACAIBO', entidad_federal='ZU' WHERE cedula='11217565063';
A298: 2025-2026 | B298: 2F | C298: D | D298: 011218394489 | E298: 45924 | F298: =IFERROR(VLOOKUP(TRIM($D298), Hoja4_2!$A$2:$L$10000, 4, 0), "Revisar") -> 40984 | G298: =IFERROR(VLOOKUP(TRIM($D298), Hoja4_2!$A$2:$L$10000, 5, 0), "Revisar") -> FEMENINO | H298: =IFERROR(VLOOKUP(TRIM($D298), Hoja4_2!$A$2:$L$10000, 7, 0), "Revisar") -> MARACAIBO | I298: =IFERROR(VLOOKUP(TRIM($D298), Hoja4_2!$A$2:$L$10000, 9, 0), "Revisar") -> ZU | J298: =IFERROR(VLOOKUP(TRIM($D298), Hoja4_2!$A$2:$L$10000, 12, 0), "Revisar") -> 18394489 | K298: =TEXT(TRIM(D298),"0") -> 11218394489 | L298: =IF(F298="Revisar","NULL",CONCATENATE("'",TEXT(F298,"yyyy-mm-dd"),"'")) -> '2012-03-16' | M298: =IF(G298="Revisar","NULL",CONCATENATE("'",MID(G298,1,1),"'")) -> 'F' | N298: =IF(H298="Revisar","NULL",CONCATENATE("'",H298,"'")) -> 'MARACAIBO' | O298: =IF(I298="Revisar","NULL",CONCATENATE("'",I298,"'")) -> 'ZU' | P298: ="UPDATE estudiantes SET fecha_nacimiento="&L298&", sexo="&M298&", lugar_nacimiento="&N298&", entidad_federal="&O298&" WHERE cedula='"&K298&"';" -> UPDATE estudiantes SET fecha_nacimiento='2012-03-16', sexo='F', lugar_nacimiento='MARACAIBO', entidad_federal='ZU' WHERE cedula='11218394489';
A299: 2025-2026 | B299: 2F | C299: D | D299: 011218662109 | E299: 45924 | F299: =IFERROR(VLOOKUP(TRIM($D299), Hoja4_2!$A$2:$L$10000, 4, 0), "Revisar") -> 41203 | G299: =IFERROR(VLOOKUP(TRIM($D299), Hoja4_2!$A$2:$L$10000, 5, 0), "Revisar") -> MASCULINO | H299: =IFERROR(VLOOKUP(TRIM($D299), Hoja4_2!$A$2:$L$10000, 7, 0), "Revisar") -> MARACAIBO | I299: =IFERROR(VLOOKUP(TRIM($D299), Hoja4_2!$A$2:$L$10000, 9, 0), "Revisar") -> ZU | J299: =IFERROR(VLOOKUP(TRIM($D299), Hoja4_2!$A$2:$L$10000, 12, 0), "Revisar") -> 18662109 | K299: =TEXT(TRIM(D299),"0") -> 11218662109 | L299: =IF(F299="Revisar","NULL",CONCATENATE("'",TEXT(F299,"yyyy-mm-dd"),"'")) -> '2012-10-21' | M299: =IF(G299="Revisar","NULL",CONCATENATE("'",MID(G299,1,1),"'")) -> 'M' | N299: =IF(H299="Revisar","NULL",CONCATENATE("'",H299,"'")) -> 'MARACAIBO' | O299: =IF(I299="Revisar","NULL",CONCATENATE("'",I299,"'")) -> 'ZU' | P299: ="UPDATE estudiantes SET fecha_nacimiento="&L299&", sexo="&M299&", lugar_nacimiento="&N299&", entidad_federal="&O299&" WHERE cedula='"&K299&"';" -> UPDATE estudiantes SET fecha_nacimiento='2012-10-21', sexo='M', lugar_nacimiento='MARACAIBO', entidad_federal='ZU' WHERE cedula='11218662109';
... A463: 2025-2026 | B463: 4F | C463: A | D463: 000034097156 | E463: 45925 | F463: =IFERROR(VLOOKUP(TRIM($D463), Hoja4_2!$A$2:$L$10000, 4, 0), "Revisar") -> 40512 | G463: =IFERROR(VLOOKUP(TRIM($D463), Hoja4_2!$A$2:$L$10000, 5, 0), "Revisar") -> FEMENINO | H463: =IFERROR(VLOOKUP(TRIM($D463), Hoja4_2!$A$2:$L$10000, 7, 0), "Revisar") -> MARACAIBO | I463: =IFERROR(VLOOKUP(TRIM($D463), Hoja4_2!$A$2:$L$10000, 9, 0), "Revisar") -> ZU | J463: =IFERROR(VLOOKUP(TRIM($D463), Hoja4_2!$A$2:$L$10000, 12, 0), "Revisar") -> 18662073 | K463: =TEXT(TRIM(D463),"0") -> 34097156 | L463: =IF(F463="Revisar","NULL",CONCATENATE("'",TEXT(F463,"yyyy-mm-dd"),"'")) -> '2010-11-30' | M463: =IF(G463="Revisar","NULL",CONCATENATE("'",MID(G463,1,1),"'")) -> 'F' | N463: =IF(H463="Revisar","NULL",CONCATENATE("'",H463,"'")) -> 'MARACAIBO' | O463: =IF(I463="Revisar","NULL",CONCATENATE("'",I463,"'")) -> 'ZU' | P463: ="UPDATE estudiantes SET fecha_nacimiento="&L463&", sexo="&M463&", lugar_nacimiento="&N463&", entidad_federal="&O463&" WHERE cedula='"&K463&"';" -> UPDATE estudiantes SET fecha_nacimiento='2010-11-30', sexo='F', lugar_nacimiento='MARACAIBO', entidad_federal='ZU' WHERE cedula='34097156';
A464: 2025-2026 | B464: 4F | C464: A | D464: 000034129813 | E464: 45925 | F464: NULL | G464: NULL | H464: NULL | I464: NULL | J464: NULL | K464: =TEXT(TRIM(D464),"0") -> 34129813 | L464: =IF(F464="Revisar","NULL",CONCATENATE("'",TEXT(F464,"yyyy-mm-dd"),"'")) -> 'NULL' | M464: =IF(G464="Revisar","NULL",CONCATENATE("'",MID(G464,1,1),"'")) -> 'N' | N464: =IF(H464="Revisar","NULL",CONCATENATE("'",H464,"'")) -> 'NULL' | O464: =IF(I464="Revisar","NULL",CONCATENATE("'",I464,"'")) -> 'NULL' | P464: ="UPDATE estudiantes SET fecha_nacimiento="&L464&", sexo="&M464&", lugar_nacimiento="&N464&", entidad_federal="&O464&" WHERE cedula='"&K464&"';" -> UPDATE estudiantes SET fecha_nacimiento='NULL', sexo='N', lugar_nacimiento='NULL', entidad_federal='NULL' WHERE cedula='34129813';
A465: 2025-2026 | B465: 4F | C465: A | D465: 000034301431 | E465: 45925 | F465: =IFERROR(VLOOKUP(TRIM($D465), Hoja4_2!$A$2:$L$10000, 4, 0), "Revisar") -> 40549 | G465: =IFERROR(VLOOKUP(TRIM($D465), Hoja4_2!$A$2:$L$10000, 5, 0), "Revisar") -> FEMENINO | H465: =IFERROR(VLOOKUP(TRIM($D465), Hoja4_2!$A$2:$L$10000, 7, 0), "Revisar") -> MARACAIBO | I465: =IFERROR(VLOOKUP(TRIM($D465), Hoja4_2!$A$2:$L$10000, 9, 0), "Revisar") -> ZU | J465: =IFERROR(VLOOKUP(TRIM($D465), Hoja4_2!$A$2:$L$10000, 12, 0), "Revisar") -> 19906318 | K465: =TEXT(TRIM(D465),"0") -> 34301431 | L465: =IF(F465="Revisar","NULL",CONCATENATE("'",TEXT(F465,"yyyy-mm-dd"),"'")) -> '2011-01-06' | M465: =IF(G465="Revisar","NULL",CONCATENATE("'",MID(G465,1,1),"'")) -> 'F' | N465: =IF(H465="Revisar","NULL",CONCATENATE("'",H465,"'")) -> 'MARACAIBO' | O465: =IF(I465="Revisar","NULL",CONCATENATE("'",I465,"'")) -> 'ZU' | P465: ="UPDATE estudiantes SET fecha_nacimiento="&L465&", sexo="&M465&", lugar_nacimiento="&N465&", entidad_federal="&O465&" WHERE cedula='"&K465&"';" -> UPDATE estudiantes SET fecha_nacimiento='2011-01-06', sexo='F', lugar_nacimiento='MARACAIBO', entidad_federal='ZU' WHERE cedula='34301431';
...

Sheet Hoja4_2
A1: CedAlu | B1: NomAlu | C1: ApeAlu | D1: FchNac | E1: SexAlu | F1: NacAlu | G1: LugNac | H1: Estado | I1: EntFed | J1: Direccion | K1: Telefono | L1: CedRpr | M1: PaisNa
A2: 000023466358 | B2: ALEX MIGUEL | C2: FARIA TORRES | D2: 34717 | E2: MASCULINO | F2: VENEZOLANO | G2: MARACAIBO | H2: ZULIA | I2: ZU | J2: CAMPO COQUIVACOA | K2: * | L2: 21509183 | M2: VENEZUELA | P2: =IFERROR(VLOOKUP(TRIM($D2), Hoja4_2!$A$2:$L$10000, 4, 0), "Revisar") -> Revisar
A3: 000023769464 | B3: ALEXANDER RAMON | C3: SILVA ARPUSSHANA | D3: 34751 | E3: MASCULINO | F3: VENEZOLANO | G3: JESUS ENRIQUE LOSSADA | H3: ZULIA | I3: ZU | J3: S/ EL LABERINTO | K3: 0412-6497504 | L3: 12697341 | M3: VENEZUELA
A4: 000024413243 | B4: LUIS ALEJANDRO | C4: ESPINA URDANETA | D4: 35010 | E4: MASCULINO | F4: VENEZOLANO | G4: MARACAIBO | H4: ZULIA | I4: ZU | J4: AV. PRINCIPAL LA PAZ | K4: * | L4: 17088450 | M4: VENEZUELA
A5: 000025342414 | B5: NADITH JOSE | C5: ATENCIO NAVA | D5: 35326 | E5: MASCULINO | F5: VENEZOLANO | G5: JESUS ENRIQUE LOSSADA | H5: ZULIA | I5: ZU | J5: CIUDAD COMUNAL EL LAB. | K5: 0416-0617240 | L5: 12443385 | M5: VENEZUELA
A6: 000025439229 | B6: LEANDRO JOSE | C6: URDANETA URDANETA | D6: 35140 | E6: MASCULINO | F6: VENEZOLANO | G6: MARACAIBO | H6: ZULIA | I6: ZU | J6: LA CONQUISTA | K6: * | L6: 13005218 | M6: VENEZUELA
A7: 000025439252 | B7: JHONY GEL | C7: REYES RINCON | D7: 35440 | E7: MASCULINO | F7: VENEZOLANO | G7: JESUS ENRIQUE LOSSADA | H7: ZULIA | I7: ZU | J7: B/ MARIO URDANETA | K7: 0416-2242199 | L7: 10429013 | M7: VENEZUELA
A8: 000025439255 | B8: JHOENDRY JESUS | C8: GONZALEZ GONZALEZ | D8: 35499 | E8: MASCULINO | F8: VENEZOLANO | G8: MARACAIBO | H8: ZULIA | I8: ZU | J8: SECTOR 115 | K8: 0416-0180696 | L8: 09702102 | M8: VENEZUELA
A9: 000028558574 | B9: JOHAN DAVID | C9: CASTILLO VILLALOBOS | D9: 37245 | E9: MASCULINO | F9: VENEZOLANO | G9: MARACAIBO | H9: ZULIA | I9: ZU | J9: SECTOR VILLAS SALAS | K9: 0416-2623361 | L9: 16016439 | M9: VENEZUELA
A10: 000025596484 | B10: GIBELYS DEL CARMEN | C10: BRACHO GONZALEZ | D10: 35212 | E10: FEMENINO | F10: VENEZOLANO | G10: JESUS ENRIQUE LOSSADA | H10: ZULIA | I10: ZU | J10: S/ PARADA DE LOS BUSES | K10: * | L10: 13428543 | M10: VENEZUELA
A11: 000025680343 | B11: GUSTAVO ALBERTO | C11: ATENCIO NUÑEZ | D11: 35263 | E11: MASCULINO | F11: VENEZOLANO | G11: JESUS ENRIQUE LOSSADA | H11: ZULIA | I11: ZU | J11: S/ EL NAZARENO | K11: 0416-3618417 | L11: 09741221 | M11: VENEZUELA
A12: 000025763020 | B12: FABIAN RICARDO | C12: ROMERO MONTIEL | D12: 35398 | E12: MASCULINO | F12: VENEZOLANO | G12: MARA | H12: ZULIA | I12: ZU | J12: * | K12: * | L12: 21490627 | M12: VENEZUELA
A13: 000025883046 | B13: ANGEL RENE | C13: FERRER VARGAS | D13: 35691 | E13: MASCULINO | F13: VENEZOLANO | G13: MARACAIBO | H13: ZULIA | I13: ZU | J13: S/ ROBERTO FUENMAYOR | K13: 0416-2250558 | L13: 22163806 | M13: VENEZUELA
A14: 000025883047 | B14: BRAYAN JOSE | C14: HERRERA PADILLA | D14: 35232 | E14: MASCULINO | F14: VENEZOLANO | G14: MARACAIBO | H14: ZULIA | I14: ZU | J14: S/ ROBERTO FUENMAYOR | K14: * | L14: 21421748 | M14: VENEZUELA
... A4448: 000013627108 | B4448: WILLIAN ALBERTO | C4448: URDANETA URDANETA | D4448: 27259 | E4448: MASCULINO | F4448: VENEZOLANO | G4448: MARACAIBO | H4448: ZULIA | I4448: ZU | J4448: **** | K4448: * | L4448: 16298584 | M4448: VENEZUELA
